Nro;Tipo Doc;Tipo Venta;Rut cliente;Razon Social;Folio;Fecha Docto;Fecha Recepcion;Fecha Acuse Recibo;Fecha Reclamo;Monto Exento;Monto Neto;Monto IVA;Monto total;IVA Retenido Total;IVA Retenido Parcial;IVA no retenido;IVA propio;IVA Terceros;RUT Emisor Liquid. Factura;Neto Comision Liquid. Factura;Exento Comision Liquid. Factura;IVA Comision Liquid. Factura;IVA fuera de plazo;Tipo Docto. Referencia;Folio Docto. Referencia;Num. Ident. Receptor Extranjero;Nacionalidad Receptor Extranjero;Credito empresa constructora;Impto. Zona Franca (Ley 18211);Garantia Dep. Envases;Indicador Venta sin Costo;Indicador Servicio Periodico;Monto No facturable;Total Monto Periodo;Venta Pasajes Transporte Nacional;Venta Pasajes Transporte Internacional;Numero Interno;Codigo Sucursal;NCE o NDE sobre Fact. de Compra;Codigo Otro Imp.;Valor Otro Imp.;Tasa Otro Imp.
34;Del Giro;76296619-0;COLMENA GOLDEN CROSS SA.;92205;01/04/2025;01/04/2025 18:11:26;;;33762;0;0;33762;0;0;0;0;0;-;0;0;0;0;0;;;;0;;0;2;0;0;0;;;;0;;;;;
34;Del Giro;76296619-0;COLMENA GOLDEN CROSS SA.;92206;01/04/2025;01/04/2025 18:11:26;;;245155;0;0;245155;0;0;0;0;0;-;0;0;0;0;0;;;;0;;0;2;0;0;0;;;;0;;;;;
34;Del Giro;76296619-0;COLMENA GOLDEN CROSS SA.;92204;01/04/2025;01/04/2025 18:11:26;;;73023;0;0;73023;0;0;0;0;0;-;0;0;0;0;0;;;;0;;0;2;0;0;0;;;;0;;;;;
34;Del Giro;76296619-0;COLMENA GOLDEN CROSS SA.;92218;01/04/2025;01/04/2025 18:11:27;;;3355783;0;0;3355783;0;0;0;0;0;-;0;0;0;0;0;;;;0;;0;2;0;0;0;;;;0;;;;;
34;Del Giro;81274800-9;ASOC.D/ASEGURADORES D/CHILE;92213;01/04/2025;01/04/2025 18:11:27;;;990354;0;0;990354;0;0;0;0;0;-;0;0;0;0;0;;;;0;;0;2;0;0;0;;;;0;;;;;
34;Del Giro;76265736-8;AFP PROVIDA SA;92207;01/04/2025;01/04/2025 18:11:27;;;593400;0;0;593400;0;0;0;0;0;-;0;0;0;0;0;;;;0;;0;2;0;0;0;;;;0;;;;;
34;Del Giro;61979440-0;INSTITUTO DE PREVISION SOCIAL;92208;01/04/2025;01/04/2025 18:11:27;;;501400;0;0;501400;0;0;0;0;0;-;0;0;0;0;0;;;;0;;0;2;0;0;0;;;;0;;;;;
34;Del Giro;96572800-7;ISAPRE BANMEDICA;92202;01/04/2025;01/04/2025 18:41:21;;;276020;0;0;276020;0;0;0;0;0;-;0;0;0;0;0;;;;0;;0;2;0;0;0;;;;0;;;;;
34;Del Giro;96856780-2;ISAPRE CONSALUD;92211;01/04/2025;01/04/2025 18:41:22;;;32902;0;0;32902;0;0;0;0;0;-;0;0;0;0;0;;;;0;;0;2;0;0;0;;;;0;;;;;
34;Del Giro;96856780-2;ISAPRE CONSALUD;92203;01/04/2025;01/04/2025 18:41:21;;;1237381;0;0;1237381;0;0;0;0;0;-;0;0;0;0;0;;;;0;;0;2;0;0;0;;;;0;;;;;
34;Del Giro;96856780-2;ISAPRE CONSALUD;92215;01/04/2025;01/04/2025 18:41:24;;;848025;0;0;848025;0;0;0;0;0;-;0;0;0;0;0;;;;0;;0;2;0;0;0;;;;0;;;;;
34;Del Giro;96856780-2;ISAPRE CONSALUD;92210;01/04/2025;01/04/2025 18:41:22;;;53500;0;0;53500;0;0;0;0;0;-;0;0;0;0;0;;;;0;;0;2;0;0;0;;;;0;;;;;
34;Del Giro;96856780-2;ISAPRE CONSALUD;92209;01/04/2025;01/04/2025 18:41:21;;;90000;0;0;90000;0;0;0;0;0;-;0;0;0;0;0;;;;0;;0;2;0;0;0;;;;0;;;;;
34;Del Giro;61603000-0;FONASA - FONDO NACIONAL DE SALUD;92212;01/04/2025;01/04/2025 18:41:23;;;4971960;0;0;4971960;0;0;0;0;0;-;0;0;0;0;;;;;0;;0;2;0;0;0;;;;0;;;;;
34;Del Giro;61603000-0;FONASA - FONDO NACIONAL DE SALUD;92214;01/04/2025;01/04/2025 18:41:23;;;2872210;0;0;2872210;0;0;0;0;0;-;0;0;0;0;;;;;0;;0;2;0;0;0;;;;0;;;;;
34;Del Giro;61103005-3;FUERZA AEREA DE CHILE-DIV.D/SA;92217;01/04/2025;01/04/2025 18:41:26;02/04/2025 11:20:34;;300000;0;0;300000;0;0;0;0;0;-;0;0;0;0;0;;;;0;;0;2;0;0;0;;;;0;;;;;
34;Del Giro;61103005-3;FUERZA AEREA DE CHILE-DIV.D/SA;92219;01/04/2025;01/04/2025 18:41:26;02/04/2025 11:20:34;;796000;0;0;796000;0;0;0;0;0;-;0;0;0;0;0;;;;0;;0;2;0;0;0;;;;0;;;;;
34;Del Giro;96856780-2;ISAPRE CONSALUD;92223;01/04/2025;01/04/2025 18:41:29;;;851676;0;0;851676;0;0;0;0;0;-;0;0;0;0;0;;;;0;;0;2;0;0;0;;;;0;;;;;
34;Del Giro;61103005-3;FUERZA AEREA DE CHILE-DIV.D/SA;92221;01/04/2025;01/04/2025 18:41:28;02/04/2025 11:20:34;;160000;0;0;160000;0;0;0;0;0;-;0;0;0;0;0;;;;0;;0;2;0;0;0;;;;0;;;;;
34;Del Giro;96856780-2;ISAPRE CONSALUD;92226;01/04/2025;01/04/2025 18:41:30;;;815000;0;0;815000;0;0;0;0;0;-;0;0;0;0;0;;;;0;;0;2;0;0;0;;;;0;;;;;
34;Del Giro;98000100-8;AFP HABITAT;92233;01/04/2025;01/04/2025 18:41:33;;;184000;0;0;184000;0;0;0;0;0;-;0;0;0;0;0;;;;0;;0;2;0;0;0;;;;0;;;;;
34;Del Giro;96856780-2;ISAPRE CONSALUD;92224;01/04/2025;01/04/2025 18:41:29;;;1235662;0;0;1235662;0;0;0;0;0;-;0;0;0;0;0;;;;0;;0;2;0;0;0;;;;0;;;;;
34;Del Giro;81274800-9;ASOC.D/ASEGURADORES D/CHILE;92234;01/04/2025;01/04/2025 18:41:33;;;119200;0;0;119200;0;0;0;0;0;-;0;0;0;0;0;;;;0;;0;2;0;0;0;;;;0;;;;;
34;Del Giro;61979440-0;INSTITUTO DE PREVISION SOCIAL;92232;01/04/2025;01/04/2025 18:41:32;;;92000;0;0;92000;0;0;0;0;0;-;0;0;0;0;0;;;;0;;0;2;0;0;0;;;;0;;;;;
34;Del Giro;96856780-2;ISAPRE CONSALUD;92227;01/04/2025;01/04/2025 18:41:30;;;851676;0;0;851676;0;0;0;0;0;-;0;0;0;0;0;;;;0;;0;2;0;0;0;;;;0;;;;;
34;Del Giro;96856780-2;ISAPRE CONSALUD;92222;01/04/2025;01/04/2025 18:41:28;;;1542064;0;0;1542064;0;0;0;0;0;-;0;0;0;0;0;;;;0;;0;2;0;0;0;;;;0;;;;;
34;Del Giro;61103005-3;FUERZA AEREA DE CHILE-DIV.D/SA;92220;01/04/2025;01/04/2025 18:41:27;02/04/2025 11:20:34;;175000;0;0;175000;0;0;0;0;0;-;0;0;0;0;0;;;;0;;0;2;0;0;0;;;;0;;;;;
34;Del Giro;96856780-2;ISAPRE CONSALUD;92216;01/04/2025;01/04/2025 18:41:25;;;851676;0;0;851676;0;0;0;0;0;-;0;0;0;0;0;;;;0;;0;2;0;0;0;;;;0;;;;;
34;Del Giro;96856780-2;ISAPRE CONSALUD;92231;01/04/2025;01/04/2025 18:41:32;;;1516826;0;0;1516826;0;0;0;0;0;-;0;0;0;0;0;;;;0;;0;2;0;0;0;;;;0;;;;;
34;Del Giro;96856780-2;ISAPRE CONSALUD;92230;01/04/2025;01/04/2025 18:41:32;;;1516826;0;0;1516826;0;0;0;0;0;-;0;0;0;0;0;;;;0;;0;2;0;0;0;;;;0;;;;;
34;Del Giro;61979440-0;INSTITUTO DE PREVISION SOCIAL;92240;01/04/2025;01/04/2025 18:41:36;;;154200;0;0;154200;0;0;0;0;0;-;0;0;0;0;0;;;;0;;0;2;0;0;0;;;;0;;;;;
34;Del Giro;96856780-2;ISAPRE CONSALUD;92225;01/04/2025;01/04/2025 18:41:29;;;2621485;0;0;2621485;0;0;0;0;0;-;0;0;0;0;0;;;;0;;0;2;0;0;0;;;;0;;;;;
34;Del Giro;96856780-2;ISAPRE CONSALUD;92228;01/04/2025;01/04/2025 18:41:30;;;2621485;0;0;2621485;0;0;0;0;0;-;0;0;0;0;0;;;;0;;0;2;0;0;0;;;;0;;;;;
34;Del Giro;98000100-8;AFP HABITAT;92235;01/04/2025;01/04/2025 18:41:33;;;184000;0;0;184000;0;0;0;0;0;-;0;0;0;0;0;;;;0;;0;2;0;0;0;;;;0;;;;;
34;Del Giro;61979440-0;INSTITUTO DE PREVISION SOCIAL;92239;01/04/2025;01/04/2025 18:41:35;;;124400;0;0;124400;0;0;0;0;0;-;0;0;0;0;0;;;;0;;0;2;0;0;0;;;;0;;;;;
34;Del Giro;96856780-2;ISAPRE CONSALUD;92229;01/04/2025;01/04/2025 18:41:31;;;1208915;0;0;1208915;0;0;0;0;0;-;0;0;0;0;0;;;;0;;0;2;0;0;0;;;;0;;;;;
34;Del Giro;81274800-9;ASOC.D/ASEGURADORES D/CHILE;92238;01/04/2025;01/04/2025 18:41:34;;;217156;0;0;217156;0;0;0;0;0;-;0;0;0;0;0;;;;0;;0;2;0;0;0;;;;0;;;;;
34;Del Giro;77173683-1;LENS OPTICA SPA;92236;01/04/2025;01/04/2025 18:41:34;;;368359;0;0;368359;0;0;0;0;0;-;0;0;0;0;0;;;;0;;0;2;0;0;0;;;;0;;;;;
34;Del Giro;98000000-1;AFP CAPITAL;92243;01/04/2025;01/04/2025 18:41:37;;;178800;0;0;178800;0;0;0;0;0;-;0;0;0;0;0;;;;0;;0;2;0;0;0;;;;0;;;;;
34;Del Giro;76265736-8;AFP PROVIDA SA;92237;01/04/2025;01/04/2025 18:41:34;;;184000;0;0;184000;0;0;0;0;0;-;0;0;0;0;0;;;;0;;0;2;0;0;0;;;;0;;;;;
34;Del Giro;61979440-0;INSTITUTO DE PREVISION SOCIAL;92241;01/04/2025;01/04/2025 18:41:36;;;184000;0;0;184000;0;0;0;0;0;-;0;0;0;0;0;;;;0;;0;2;0;0;0;;;;0;;;;;
34;Del Giro;98000100-8;AFP HABITAT;92247;01/04/2025;01/04/2025 18:41:39;;;14800;0;0;14800;0;0;0;0;0;-;0;0;0;0;0;;;;0;;0;2;0;0;0;;;;0;;;;;
34;Del Giro;81274800-9;ASOC.D/ASEGURADORES D/CHILE;92242;01/04/2025;01/04/2025 18:41:37;;;171242;0;0;171242;0;0;0;0;0;-;0;0;0;0;0;;;;0;;0;2;0;0;0;;;;0;;;;;
34;Del Giro;61603000-0;FONASA - FONDO NACIONAL DE SALUD;92246;01/04/2025;01/04/2025 18:41:38;;;8104730;0;0;8104730;0;0;0;0;0;-;0;0;0;0;;;;;0;;0;2;0;0;0;;;;0;;;;;
34;Del Giro;61979440-0;INSTITUTO DE PREVISION SOCIAL;92248;01/04/2025;01/04/2025 18:41:39;;;208600;0;0;208600;0;0;0;0;0;-;0;0;0;0;0;;;;0;;0;2;0;0;0;;;;0;;;;;
34;Del Giro;98000100-8;AFP HABITAT;92245;01/04/2025;01/04/2025 18:41:38;;;178800;0;0;178800;0;0;0;0;0;-;0;0;0;0;0;;;;0;;0;2;0;0;0;;;;0;;;;;
34;Del Giro;76265736-8;AFP PROVIDA SA;92244;01/04/2025;01/04/2025 18:41:38;;;238400;0;0;238400;0;0;0;0;0;-;0;0;0;0;0;;;;0;;0;2;0;0;0;;;;0;;;;;
34;Del Giro;61103005-3;FUERZA AEREA DE CHILE-DIV.D/SA;92249;01/04/2025;01/04/2025 19:06:20;02/04/2025 11:38:53;;337000;0;0;337000;0;0;0;0;0;-;0;0;0;0;0;;;;0;;0;2;0;0;0;;;;0;;;;;
34;Del Giro;61103005-3;FUERZA AEREA DE CHILE-DIV.D/SA;92250;01/04/2025;01/04/2025 19:06:20;02/04/2025 11:38:53;;2180000;0;0;2180000;0;0;0;0;0;-;0;0;0;0;0;;;;0;;0;2;0;0;0;;;;0;;;;;
34;Del Giro;61103005-3;FUERZA AEREA DE CHILE-DIV.D/SA;92251;01/04/2025;01/04/2025 19:06:21;02/04/2025 11:38:53;;337000;0;0;337000;0;0;0;0;0;-;0;0;0;0;0;;;;0;;0;2;0;0;0;;;;0;;;;;
34;Del Giro;96856780-2;ISAPRE CONSALUD;92261;02/04/2025;02/04/2025 16:43:59;;;65804;0;0;65804;0;0;0;0;0;-;0;0;0;0;0;;;;0;;0;2;0;0;0;;;;0;;;;;
34;Del Giro;96572800-7;ISAPRE BANMEDICA;92271;02/04/2025;02/04/2025 16:44:03;;;587520;0;0;587520;0;0;0;0;0;-;0;0;0;0;0;;;;0;;0;2;0;0;0;;;;0;;;;;
34;Del Giro;61979440-0;INSTITUTO DE PREVISION SOCIAL;92275;02/04/2025;02/04/2025 16:44:04;;;138200;0;0;138200;0;0;0;0;0;-;0;0;0;0;0;;;;0;;0;2;0;0;0;;;;0;;;;;
34;Del Giro;96572800-7;ISAPRE BANMEDICA;92269;02/04/2025;02/04/2025 16:44:02;;;276480;0;0;276480;0;0;0;0;0;-;0;0;0;0;0;;;;0;;0;2;0;0;0;;;;0;;;;;
34;Del Giro;96856780-2;ISAPRE CONSALUD;92259;02/04/2025;02/04/2025 16:43:59;;;155164;0;0;155164;0;0;0;0;0;-;0;0;0;0;0;;;;0;;0;2;0;0;0;;;;0;;;;;
34;Del Giro;96856780-2;ISAPRE CONSALUD;92263;02/04/2025;02/04/2025 16:44:00;;;131608;0;0;131608;0;0;0;0;0;-;0;0;0;0;0;;;;0;;0;2;0;0;0;;;;0;;;;;
34;Del Giro;96572800-7;ISAPRE BANMEDICA;92270;02/04/2025;02/04/2025 16:44:02;;;207360;0;0;207360;0;0;0;0;0;-;0;0;0;0;0;;;;0;;0;2;0;0;0;;;;0;;;;;
34;Del Giro;96572800-7;ISAPRE BANMEDICA;92273;02/04/2025;02/04/2025 16:44:03;;;1273360;0;0;1273360;0;0;0;0;0;-;0;0;0;0;0;;;;0;;0;2;0;0;0;;;;0;;;;;
34;Del Giro;96856780-2;ISAPRE CONSALUD;92264;02/04/2025;02/04/2025 16:44:00;;;296118;0;0;296118;0;0;0;0;0;-;0;0;0;0;0;;;;0;;0;2;0;0;0;;;;0;;;;;
34;Del Giro;96856780-2;ISAPRE CONSALUD;92257;02/04/2025;02/04/2025 16:43:58;;;1611458;0;0;1611458;0;0;0;0;0;-;0;0;0;0;0;;;;0;;0;2;0;0;0;;;;0;;;;;
34;Del Giro;96856780-2;ISAPRE CONSALUD;92265;02/04/2025;02/04/2025 16:44:01;;;230314;0;0;230314;0;0;0;0;0;-;0;0;0;0;0;;;;0;;0;2;0;0;0;;;;0;;;;;
34;Del Giro;96572800-7;ISAPRE BANMEDICA;92268;02/04/2025;02/04/2025 16:44:01;;;210793;0;0;210793;0;0;0;0;0;-;0;0;0;0;0;;;;0;;0;2;0;0;0;;;;0;;;;;
34;Del Giro;96856780-2;ISAPRE CONSALUD;92267;02/04/2025;02/04/2025 16:44:01;;;1105364;0;0;1105364;0;0;0;0;0;-;0;0;0;0;0;;;;0;;0;2;0;0;0;;;;0;;;;;
34;Del Giro;81274800-9;ASOC.D/ASEGURADORES D/CHILE;92278;02/04/2025;02/04/2025 16:44:04;;;112570;0;0;112570;0;0;0;0;0;-;0;0;0;0;0;;;;0;;0;2;0;0;0;;;;0;;;;;
34;Del Giro;81274800-9;ASOC.D/ASEGURADORES D/CHILE;92277;02/04/2025;02/04/2025 16:44:04;;;459120;0;0;459120;0;0;0;0;0;-;0;0;0;0;0;;;;0;;0;2;0;0;0;;;;0;;;;;
34;Del Giro;76296619-0;COLMENA GOLDEN CROSS SA.;92252;02/04/2025;02/04/2025 18:10:44;;;103324;0;0;103324;0;0;0;0;0;-;0;0;0;0;0;;;;0;;0;2;0;0;0;;;;0;;;;;
34;Del Giro;76296619-0;COLMENA GOLDEN CROSS SA.;92256;02/04/2025;02/04/2025 18:10:45;;;1415355;0;0;1415355;0;0;0;0;0;-;0;0;0;0;0;;;;0;;0;2;0;0;0;;;;0;;;;;
34;Del Giro;76296619-0;COLMENA GOLDEN CROSS SA.;92254;02/04/2025;02/04/2025 18:10:45;;;104829;0;0;104829;0;0;0;0;0;-;0;0;0;0;0;;;;0;;0;2;0;0;0;;;;0;;;;;
34;Del Giro;96502530-8;ISAPRE VIDA TRES;92258;02/04/2025;02/04/2025 18:10:46;;;103680;0;0;103680;0;0;0;0;0;-;0;0;0;0;0;;;;0;;0;2;0;0;0;;;;0;;;;;
34;Del Giro;96502530-8;ISAPRE VIDA TRES;92262;02/04/2025;02/04/2025 18:10:46;;;2395485;0;0;2395485;0;0;0;0;0;-;0;0;0;0;0;;;;0;;0;2;0;0;0;;;;0;;;;;
34;Del Giro;96502530-8;ISAPRE VIDA TRES;92253;02/04/2025;02/04/2025 18:10:44;;;145812;0;0;145812;0;0;0;0;0;-;0;0;0;0;0;;;;0;;0;2;0;0;0;;;;0;;;;;
34;Del Giro;76296619-0;COLMENA GOLDEN CROSS SA.;92279;02/04/2025;02/04/2025 18:10:47;;;416672;0;0;416672;0;0;0;0;0;-;0;0;0;0;0;;;;0;;0;2;0;0;0;;;;0;;;;;
34;Del Giro;96502530-8;ISAPRE VIDA TRES;92266;02/04/2025;02/04/2025 18:10:46;;;69120;0;0;69120;0;0;0;0;0;-;0;0;0;0;0;;;;0;;0;2;0;0;0;;;;0;;;;;
34;Del Giro;76296619-0;COLMENA GOLDEN CROSS SA.;92281;02/04/2025;02/04/2025 18:10:47;;;316786;0;0;316786;0;0;0;0;0;-;0;0;0;0;0;;;;0;;0;2;0;0;0;;;;0;;;;;
34;Del Giro;76296619-0;COLMENA GOLDEN CROSS SA.;92255;02/04/2025;02/04/2025 18:10:45;;;635492;0;0;635492;0;0;0;0;0;-;0;0;0;0;0;;;;0;;0;2;0;0;0;;;;0;;;;;
34;Del Giro;76296619-0;COLMENA GOLDEN CROSS SA.;92283;02/04/2025;02/04/2025 18:10:47;;;202096;0;0;202096;0;0;0;0;0;-;0;0;0;0;0;;;;0;;0;2;0;0;0;;;;0;;;;;
34;Del Giro;76296619-0;COLMENA GOLDEN CROSS SA.;92284;02/04/2025;02/04/2025 18:10:48;;;44243;0;0;44243;0;0;0;0;0;-;0;0;0;0;0;;;;0;;0;2;0;0;0;;;;0;;;;;
34;Del Giro;61603000-0;FONASA - FONDO NACIONAL DE SALUD;92272;02/04/2025;02/04/2025 18:33:55;;;8998498;0;0;8998498;0;0;0;0;0;-;0;0;0;0;;;;;0;;0;2;0;0;0;;;;0;;;;;
34;Del Giro;96936100-0;Esencial S.A;92286;02/04/2025;02/04/2025 18:33:58;;;182875;0;0;182875;0;0;0;0;0;-;0;0;0;0;0;;;;0;;0;2;0;0;0;;;;0;;;;;
34;Del Giro;96501450-0;ISAPRE CRUZ BLANCA;92260;02/04/2025;02/04/2025 18:33:55;;;1873198;0;0;1873198;0;0;0;0;0;-;0;0;0;0;0;;;;0;;0;2;0;0;0;;;;0;;;;;
34;Del Giro;96501450-0;ISAPRE CRUZ BLANCA;92274;02/04/2025;02/04/2025 18:33:56;;;749626;0;0;749626;0;0;0;0;0;-;0;0;0;0;0;;;;0;;0;2;0;0;0;;;;0;;;;;
34;Del Giro;96501450-0;ISAPRE CRUZ BLANCA;92285;02/04/2025;02/04/2025 18:33:57;;;5109073;0;0;5109073;0;0;0;0;0;-;0;0;0;0;0;;;;0;;0;2;0;0;0;;;;0;;;;;
34;Del Giro;96501450-0;ISAPRE CRUZ BLANCA;92276;02/04/2025;02/04/2025 18:33:56;;;748074;0;0;748074;0;0;0;0;0;-;0;0;0;0;0;;;;0;;0;2;0;0;0;;;;0;;;;;
34;Del Giro;76334370-7;ISALUD ISAPRE DE CODELCO LTDA;92289;02/04/2025;02/04/2025 18:33:59;;;257534;0;0;257534;0;0;0;0;0;-;0;0;0;0;0;;;;0;;0;2;0;0;0;;;;0;;;;;
34;Del Giro;61603000-0;FONASA - FONDO NACIONAL DE SALUD;92282;02/04/2025;02/04/2025 18:33:57;;;14593740;0;0;14593740;0;0;0;0;0;-;0;0;0;0;;;;;0;;0;2;0;0;0;;;;0;;;;;
34;Del Giro;96501450-0;ISAPRE CRUZ BLANCA;92280;02/04/2025;02/04/2025 18:33:56;;;1710150;0;0;1710150;0;0;0;0;0;-;0;0;0;0;0;;;;0;;0;2;0;0;0;;;;0;;;;;
34;Del Giro;71235700-2;ISAPRE FUNDACION;92288;02/04/2025;02/04/2025 18:33:59;;;73750;0;0;73750;0;0;0;0;0;-;0;0;0;0;0;;;;0;;0;2;0;0;0;;;;0;;;;;
34;Del Giro;71235700-2;ISAPRE FUNDACION;92287;02/04/2025;02/04/2025 18:33:58;;;143040;0;0;143040;0;0;0;0;0;-;0;0;0;0;0;;;;0;;0;2;0;0;0;;;;0;;;;;
34;Del Giro;61979440-0;INSTITUTO DE PREVISION SOCIAL;92293;03/04/2025;03/04/2025 18:34:15;;;238400;0;0;238400;0;0;0;0;0;-;0;0;0;0;0;;;;0;;0;2;0;0;0;;;;0;;;;;
34;Del Giro;61603000-0;FONASA - FONDO NACIONAL DE SALUD;92298;03/04/2025;03/04/2025 18:34:17;;;1185500;0;0;1185500;0;0;0;0;0;-;0;0;0;0;;;;;0;;0;2;0;0;0;;;;0;;;;;
34;Del Giro;61603000-0;FONASA - FONDO NACIONAL DE SALUD;92300;03/04/2025;03/04/2025 18:34:18;;;1185500;0;0;1185500;0;0;0;0;0;-;0;0;0;0;;;;;0;;0;2;0;0;0;;;;0;;;;;
34;Del Giro;76265736-8;AFP PROVIDA SA;92294;03/04/2025;03/04/2025 18:34:15;;;582600;0;0;582600;0;0;0;0;0;-;0;0;0;0;0;;;;0;;0;2;0;0;0;;;;0;;;;;
34;Del Giro;61603000-0;FONASA - FONDO NACIONAL DE SALUD;92302;03/04/2025;03/04/2025 18:34:18;;;1235290;0;0;1235290;0;0;0;0;0;-;0;0;0;0;;;;;0;;0;2;0;0;0;;;;0;;;;;
34;Del Giro;76762250-3;AFP MODELO;92290;03/04/2025;03/04/2025 18:34:14;;;208600;0;0;208600;0;0;0;0;0;-;0;0;0;0;0;;;;0;;0;2;0;0;0;;;;0;;;;;
34;Del Giro;98000100-8;AFP HABITAT;92291;03/04/2025;03/04/2025 18:34:14;;;211600;0;0;211600;0;0;0;0;0;-;0;0;0;0;0;;;;0;;0;2;0;0;0;;;;0;;;;;
34;Del Giro;71235700-2;ISAPRE FUNDACION;92292;03/04/2025;03/04/2025 18:34:15;;;787690;0;0;787690;0;0;0;0;0;-;0;0;0;0;0;;;;0;;0;2;0;0;0;;;;0;;;;;
34;Del Giro;61603000-0;FONASA - FONDO NACIONAL DE SALUD;92306;03/04/2025;03/04/2025 18:34:20;;;1235290;0;0;1235290;0;0;0;0;0;-;0;0;0;0;;;;;0;;0;2;0;0;0;;;;0;;;;;
34;Del Giro;61603000-0;FONASA - FONDO NACIONAL DE SALUD;92297;03/04/2025;03/04/2025 18:34:17;;;1235290;0;0;1235290;0;0;0;0;0;-;0;0;0;0;;;;;0;;0;2;0;0;0;;;;0;;;;;
34;Del Giro;61603000-0;FONASA - FONDO NACIONAL DE SALUD;92303;03/04/2025;03/04/2025 18:34:19;;;1235290;0;0;1235290;0;0;0;0;0;-;0;0;0;0;;;;;0;;0;2;0;0;0;;;;0;;;;;
34;Del Giro;61603000-0;FONASA - FONDO NACIONAL DE SALUD;92299;03/04/2025;03/04/2025 18:34:17;;;1185500;0;0;1185500;0;0;0;0;0;-;0;0;0;0;;;;;0;;0;2;0;0;0;;;;0;;;;;
34;Del Giro;61603000-0;FONASA - FONDO NACIONAL DE SALUD;92308;03/04/2025;03/04/2025 18:34:21;;;1235290;0;0;1235290;0;0;0;0;0;-;0;0;0;0;;;;;0;;0;2;0;0;0;;;;0;;;;;
34;Del Giro;61603000-0;FONASA - FONDO NACIONAL DE SALUD;92312;03/04/2025;03/04/2025 18:34:22;;;1044430;0;0;1044430;0;0;0;0;0;-;0;0;0;0;;;;;0;;0;2;0;0;0;;;;0;;;;;
34;Del Giro;61603000-0;FONASA - FONDO NACIONAL DE SALUD;92305;03/04/2025;03/04/2025 18:34:20;;;1185500;0;0;1185500;0;0;0;0;0;-;0;0;0;0;;;;;0;;0;2;0;0;0;;;;0;;;;;
34;Del Giro;71235700-2;ISAPRE FUNDACION;92295;03/04/2025;03/04/2025 18:34:16;;;70310;0;0;70310;0;0;0;0;0;-;0;0;0;0;0;;;;0;;0;2;0;0;0;;;;0;;;;;
34;Del Giro;61603000-0;FONASA - FONDO NACIONAL DE SALUD;92310;03/04/2025;03/04/2025 18:34:21;;;983580;0;0;983580;0;0;0;0;0;-;0;0;0;0;;;;;0;;0;2;0;0;0;;;;0;;;;;
34;Del Giro;98000000-1;AFP CAPITAL;92296;03/04/2025;03/04/2025 18:34:16;;;761400;0;0;761400;0;0;0;0;0;-;0;0;0;0;0;;;;0;;0;2;0;0;0;;;;0;;;;;
34;Del Giro;61603000-0;FONASA - FONDO NACIONAL DE SALUD;92311;03/04/2025;03/04/2025 18:34:22;;;209899;0;0;209899;0;0;0;0;0;-;0;0;0;0;;;;;0;;0;2;0;0;0;;;;0;;;;;
34;Del Giro;61603000-0;FONASA - FONDO NACIONAL DE SALUD;92301;03/04/2025;03/04/2025 18:34:18;;;1235290;0;0;1235290;0;0;0;0;0;-;0;0;0;0;;;;;0;;0;2;0;0;0;;;;0;;;;;
34;Del Giro;61603000-0;FONASA - FONDO NACIONAL DE SALUD;92309;03/04/2025;03/04/2025 18:34:21;;;201438;0;0;201438;0;0;0;0;0;-;0;0;0;0;;;;;0;;0;2;0;0;0;;;;0;;;;;
34;Del Giro;61603000-0;FONASA - FONDO NACIONAL DE SALUD;92307;03/04/2025;03/04/2025 18:34:20;;;1235290;0;0;1235290;0;0;0;0;0;-;0;0;0;0;;;;;0;;0;2;0;0;0;;;;0;;;;;
34;Del Giro;81274800-9;ASOC.D/ASEGURADORES D/CHILE;92304;03/04/2025;03/04/2025 18:34:19;;;831800;0;0;831800;0;0;0;0;0;-;0;0;0;0;0;;;;0;;0;2;0;0;0;;;;0;;;;;
34;Del Giro;61603000-0;FONASA - FONDO NACIONAL DE SALUD;92320;03/04/2025;03/04/2025 18:34:25;;;983580;0;0;983580;0;0;0;0;0;-;0;0;0;0;;;;;0;;0;2;0;0;0;;;;0;;;;;
34;Del Giro;61603000-0;FONASA - FONDO NACIONAL DE SALUD;92325;03/04/2025;03/04/2025 18:34:27;;;1044430;0;0;1044430;0;0;0;0;0;-;0;0;0;0;;;;;0;;0;2;0;0;0;;;;0;;;;;
34;Del Giro;61603000-0;FONASA - FONDO NACIONAL DE SALUD;92321;03/04/2025;03/04/2025 18:34:25;;;540440;0;0;540440;0;0;0;0;0;-;0;0;0;0;;;;;0;;0;2;0;0;0;;;;0;;;;;
34;Del Giro;61603000-0;FONASA - FONDO NACIONAL DE SALUD;92319;03/04/2025;03/04/2025 18:34:25;;;474745;0;0;474745;0;0;0;0;0;-;0;0;0;0;;;;;0;;0;2;0;0;0;;;;0;;;;;
34;Del Giro;61603000-0;FONASA - FONDO NACIONAL DE SALUD;92329;03/04/2025;03/04/2025 18:34:29;;;849590;0;0;849590;0;0;0;0;0;-;0;0;0;0;;;;;0;;0;2;0;0;0;;;;0;;;;;
34;Del Giro;61603000-0;FONASA - FONDO NACIONAL DE SALUD;92314;03/04/2025;03/04/2025 18:34:23;;;397185;0;0;397185;0;0;0;0;0;-;0;0;0;0;;;;;0;;0;2;0;0;0;;;;0;;;;;
34;Del Giro;61603000-0;FONASA - FONDO NACIONAL DE SALUD;92313;03/04/2025;03/04/2025 18:34:22;;;397185;0;0;397185;0;0;0;0;0;-;0;0;0;0;;;;;0;;0;2;0;0;0;;;;0;;;;;
34;Del Giro;61603000-0;FONASA - FONDO NACIONAL DE SALUD;92316;03/04/2025;03/04/2025 18:34:23;;;1044430;0;0;1044430;0;0;0;0;0;-;0;0;0;0;;;;;0;;0;2;0;0;0;;;;0;;;;;
34;Del Giro;61603000-0;FONASA - FONDO NACIONAL DE SALUD;92327;03/04/2025;03/04/2025 18:34:28;;;107401;0;0;107401;0;0;0;0;0;-;0;0;0;0;;;;;0;;0;2;0;0;0;;;;0;;;;;
34;Del Giro;81274800-9;ASOC.D/ASEGURADORES D/CHILE;92315;03/04/2025;03/04/2025 18:34:23;;;990376;0;0;990376;0;0;0;0;0;-;0;0;0;0;0;;;;0;;0;2;0;0;0;;;;0;;;;;
34;Del Giro;61603000-0;FONASA - FONDO NACIONAL DE SALUD;92324;03/04/2025;03/04/2025 18:34:26;;;397185;0;0;397185;0;0;0;0;0;-;0;0;0;0;;;;;0;;0;2;0;0;0;;;;0;;;;;
34;Del Giro;61603000-0;FONASA - FONDO NACIONAL DE SALUD;92317;03/04/2025;03/04/2025 18:34:24;;;314854;0;0;314854;0;0;0;0;0;-;0;0;0;0;;;;;0;;0;2;0;0;0;;;;0;;;;;
34;Del Giro;61603000-0;FONASA - FONDO NACIONAL DE SALUD;92318;03/04/2025;03/04/2025 18:34:24;;;1185500;0;0;1185500;0;0;0;0;0;-;0;0;0;0;;;;;0;;0;2;0;0;0;;;;0;;;;;
34;Del Giro;71235700-2;ISAPRE FUNDACION;92328;03/04/2025;03/04/2025 18:34:28;;;473701;0;0;473701;0;0;0;0;0;-;0;0;0;0;0;;;;0;;0;2;0;0;0;;;;0;;;;;
34;Del Giro;61603000-0;FONASA - FONDO NACIONAL DE SALUD;92338;03/04/2025;03/04/2025 18:34:32;;;282960;0;0;282960;0;0;0;0;0;-;0;0;0;0;;;;;0;;0;2;0;0;0;;;;0;;;;;
34;Del Giro;61603000-0;FONASA - FONDO NACIONAL DE SALUD;92337;03/04/2025;03/04/2025 18:34:32;;;1044430;0;0;1044430;0;0;0;0;0;-;0;0;0;0;;;;;0;;0;2;0;0;0;;;;0;;;;;
34;Del Giro;61603000-0;FONASA - FONDO NACIONAL DE SALUD;92331;03/04/2025;03/04/2025 18:34:29;;;1044430;0;0;1044430;0;0;0;0;0;-;0;0;0;0;;;;;0;;0;2;0;0;0;;;;0;;;;;
34;Del Giro;61603000-0;FONASA - FONDO NACIONAL DE SALUD;92334;03/04/2025;03/04/2025 18:34:30;;;1408265;0;0;1408265;0;0;0;0;0;-;0;0;0;0;;;;;0;;0;2;0;0;0;;;;0;;;;;
34;Del Giro;61603000-0;FONASA - FONDO NACIONAL DE SALUD;92332;03/04/2025;03/04/2025 18:34:30;;;1185500;0;0;1185500;0;0;0;0;0;-;0;0;0;0;;;;;0;;0;2;0;0;0;;;;0;;;;;
34;Del Giro;61603000-0;FONASA - FONDO NACIONAL DE SALUD;92323;03/04/2025;03/04/2025 18:34:26;;;1185500;0;0;1185500;0;0;0;0;0;-;0;0;0;0;;;;;0;;0;2;0;0;0;;;;0;;;;;
34;Del Giro;61603000-0;FONASA - FONDO NACIONAL DE SALUD;92322;03/04/2025;03/04/2025 18:34:26;;;302157;0;0;302157;0;0;0;0;0;-;0;0;0;0;;;;;0;;0;2;0;0;0;;;;0;;;;;
34;Del Giro;61603000-0;FONASA - FONDO NACIONAL DE SALUD;92330;03/04/2025;03/04/2025 18:34:29;;;397185;0;0;397185;0;0;0;0;0;-;0;0;0;0;;;;;0;;0;2;0;0;0;;;;0;;;;;
34;Del Giro;61603000-0;FONASA - FONDO NACIONAL DE SALUD;92335;03/04/2025;03/04/2025 18:34:31;;;314854;0;0;314854;0;0;0;0;0;-;0;0;0;0;;;;;0;;0;2;0;0;0;;;;0;;;;;
34;Del Giro;61603000-0;FONASA - FONDO NACIONAL DE SALUD;92333;03/04/2025;03/04/2025 18:34:30;;;607707;0;0;607707;0;0;0;0;0;-;0;0;0;0;;;;;0;;0;2;0;0;0;;;;0;;;;;
34;Del Giro;61603000-0;FONASA - FONDO NACIONAL DE SALUD;92326;03/04/2025;03/04/2025 18:34:27;;;465185;0;0;465185;0;0;0;0;0;-;0;0;0;0;;;;;0;;0;2;0;0;0;;;;0;;;;;
34;Del Giro;61603000-0;FONASA - FONDO NACIONAL DE SALUD;92345;03/04/2025;03/04/2025 18:34:34;;;1002330;0;0;1002330;0;0;0;0;0;-;0;0;0;0;;;;;0;;0;2;0;0;0;;;;0;;;;;
34;Del Giro;61608408-9;HOSPITAL CALVO MACKENA;92352;03/04/2025;03/04/2025 18:34:37;;;150000;0;0;150000;0;0;0;0;0;-;0;0;0;0;;;;;0;;0;2;0;0;0;;;;0;;;;;
34;Del Giro;61603000-0;FONASA - FONDO NACIONAL DE SALUD;92342;03/04/2025;03/04/2025 18:34:33;;;1408265;0;0;1408265;0;0;0;0;0;-;0;0;0;0;;;;;0;;0;2;0;0;0;;;;0;;;;;
34;Del Giro;61603000-0;FONASA - FONDO NACIONAL DE SALUD;92341;03/04/2025;03/04/2025 18:34:33;;;397185;0;0;397185;0;0;0;0;0;-;0;0;0;0;;;;;0;;0;2;0;0;0;;;;0;;;;;
34;Del Giro;61603000-0;FONASA - FONDO NACIONAL DE SALUD;92339;03/04/2025;03/04/2025 18:34:32;;;1408265;0;0;1408265;0;0;0;0;0;-;0;0;0;0;;;;;0;;0;2;0;0;0;;;;0;;;;;
34;Del Giro;61603000-0;FONASA - FONDO NACIONAL DE SALUD;92343;03/04/2025;03/04/2025 18:34:34;;;1235290;0;0;1235290;0;0;0;0;0;-;0;0;0;0;;;;;0;;0;2;0;0;0;;;;0;;;;;
34;Del Giro;61608408-9;HOSPITAL CALVO MACKENA;92346;03/04/2025;03/04/2025 18:34:35;;;160000;0;0;160000;0;0;0;0;0;-;0;0;0;0;;;;;0;;0;2;0;0;0;;;;0;;;;;
34;Del Giro;61603000-0;FONASA - FONDO NACIONAL DE SALUD;92336;03/04/2025;03/04/2025 18:34:31;;;397185;0;0;397185;0;0;0;0;0;-;0;0;0;0;;;;;0;;0;2;0;0;0;;;;0;;;;;
34;Del Giro;61603000-0;FONASA - FONDO NACIONAL DE SALUD;92344;03/04/2025;03/04/2025 18:34:34;;;381165;0;0;381165;0;0;0;0;0;-;0;0;0;0;;;;;0;;0;2;0;0;0;;;;0;;;;;
34;Del Giro;61608408-9;HOSPITAL CALVO MACKENA;92347;03/04/2025;03/04/2025 18:34:35;;;160000;0;0;160000;0;0;0;0;0;-;0;0;0;0;;;;;0;;0;2;0;0;0;;;;0;;;;;
34;Del Giro;61603000-0;FONASA - FONDO NACIONAL DE SALUD;92340;03/04/2025;03/04/2025 18:34:33;;;1044430;0;0;1044430;0;0;0;0;0;-;0;0;0;0;;;;;0;;0;2;0;0;0;;;;0;;;;;
34;Del Giro;61608408-9;HOSPITAL CALVO MACKENA;92348;03/04/2025;03/04/2025 18:34:36;;;180000;0;0;180000;0;0;0;0;0;-;0;0;0;0;;;;;0;;0;2;0;0;0;;;;0;;;;;
34;Del Giro;61603000-0;FONASA - FONDO NACIONAL DE SALUD;92350;03/04/2025;03/04/2025 18:34:36;;;564020;0;0;564020;0;0;0;0;0;-;0;0;0;0;;;;;0;;0;2;0;0;0;;;;0;;;;;
34;Del Giro;61603000-0;FONASA - FONDO NACIONAL DE SALUD;92355;03/04/2025;03/04/2025 18:34:38;;;314854;0;0;314854;0;0;0;0;0;-;0;0;0;0;;;;;0;;0;2;0;0;0;;;;0;;;;;
34;Del Giro;61603000-0;FONASA - FONDO NACIONAL DE SALUD;92349;03/04/2025;03/04/2025 18:34:36;;;541270;0;0;541270;0;0;0;0;0;-;0;0;0;0;;;;;0;;0;2;0;0;0;;;;0;;;;;
34;Del Giro;61603000-0;FONASA - FONDO NACIONAL DE SALUD;92353;03/04/2025;03/04/2025 18:34:37;;;578125;0;0;578125;0;0;0;0;0;-;0;0;0;0;;;;;0;;0;2;0;0;0;;;;0;;;;;
34;Del Giro;61603000-0;FONASA - FONDO NACIONAL DE SALUD;92356;03/04/2025;03/04/2025 18:34:38;;;209899;0;0;209899;0;0;0;0;0;-;0;0;0;0;;;;;0;;0;2;0;0;0;;;;0;;;;;
34;Del Giro;61603000-0;FONASA - FONDO NACIONAL DE SALUD;92351;03/04/2025;03/04/2025 18:34:37;;;564020;0;0;564020;0;0;0;0;0;-;0;0;0;0;;;;;0;;0;2;0;0;0;;;;0;;;;;
34;Del Giro;61608408-9;HOSPITAL CALVO MACKENA;92357;03/04/2025;03/04/2025 18:34:38;;10/04/2025 08:50:34;150000;0;0;150000;0;0;0;0;0;-;0;0;0;0;;;;;0;;0;2;0;0;0;;;;0;;;;;
34;Del Giro;61603000-0;FONASA - FONDO NACIONAL DE SALUD;92354;03/04/2025;03/04/2025 18:34:37;;;314854;0;0;314854;0;0;0;0;0;-;0;0;0;0;;;;;0;;0;2;0;0;0;;;;0;;;;;
34;Del Giro;61608408-9;HOSPITAL CALVO MACKENA;92358;04/04/2025;04/04/2025 17:32:25;;10/04/2025 16:35:48;160000;0;0;160000;0;0;0;0;0;-;0;0;0;0;;;;;0;;0;2;0;0;0;;;;0;;;;;
34;Del Giro;61608408-9;HOSPITAL CALVO MACKENA;92359;04/04/2025;04/04/2025 17:32:25;;10/04/2025 16:37:29;160000;0;0;160000;0;0;0;0;0;-;0;0;0;0;;;;;0;;0;2;0;0;0;;;;0;;;;;
34;Del Giro;70285100-9;MUTUAL DE SEGURIDAD C.CH.C;92360;04/04/2025;04/04/2025 17:32:26;04/04/2025 19:06:51;;290000;0;0;290000;0;0;0;0;0;-;0;0;0;0;;;;;0;;0;2;0;0;0;;;;0;;;;;
34;Del Giro;70285100-9;MUTUAL DE SEGURIDAD C.CH.C;92361;04/04/2025;04/04/2025 17:32:28;04/04/2025 21:04:19;;280000;0;0;280000;0;0;0;0;0;-;0;0;0;0;;;;;0;;0;2;0;0;0;;;;0;;;;;
34;Del Giro;70285100-9;MUTUAL DE SEGURIDAD C.CH.C;92365;04/04/2025;04/04/2025 17:32:29;04/04/2025 19:03:13;;1020000;0;0;1020000;0;0;0;0;0;-;0;0;0;0;;;;;0;;0;2;0;0;0;;;;0;;;;;
34;Del Giro;70285100-9;MUTUAL DE SEGURIDAD C.CH.C;92363;04/04/2025;04/04/2025 17:32:28;04/04/2025 22:04:41;;720000;0;0;720000;0;0;0;0;0;-;0;0;0;0;;;;;0;;0;2;0;0;0;;;;0;;;;;
34;Del Giro;70285100-9;MUTUAL DE SEGURIDAD C.CH.C;92368;04/04/2025;04/04/2025 17:32:31;04/04/2025 19:05:02;;120000;0;0;120000;0;0;0;0;0;-;0;0;0;0;;;;;0;;0;2;0;0;0;;;;0;;;;;
34;Del Giro;70285100-9;MUTUAL DE SEGURIDAD C.CH.C;92369;04/04/2025;04/04/2025 17:32:32;04/04/2025 19:03:42;;480000;0;0;480000;0;0;0;0;0;-;0;0;0;0;;;;;0;;0;2;0;0;0;;;;0;;;;;
34;Del Giro;70285100-9;MUTUAL DE SEGURIDAD C.CH.C;92364;04/04/2025;04/04/2025 17:32:29;04/04/2025 21:04:04;;2752000;0;0;2752000;0;0;0;0;0;-;0;0;0;0;;;;;0;;0;2;0;0;0;;;;0;;;;;
34;Del Giro;70285100-9;MUTUAL DE SEGURIDAD C.CH.C;92362;04/04/2025;04/04/2025 17:32:28;04/04/2025 21:06:40;;2878000;0;0;2878000;0;0;0;0;0;-;0;0;0;0;;;;;0;;0;2;0;0;0;;;;0;;;;;
34;Del Giro;70285100-9;MUTUAL DE SEGURIDAD C.CH.C;92370;04/04/2025;04/04/2025 17:32:32;04/04/2025 19:03:38;;300000;0;0;300000;0;0;0;0;0;-;0;0;0;0;;;;;0;;0;2;0;0;0;;;;0;;;;;
34;Del Giro;70285100-9;MUTUAL DE SEGURIDAD C.CH.C;92372;04/04/2025;04/04/2025 17:32:33;04/04/2025 21:02:49;;1225000;0;0;1225000;0;0;0;0;0;-;0;0;0;0;;;;;0;;0;2;0;0;0;;;;0;;;;;
34;Del Giro;61603000-0;FONASA - FONDO NACIONAL DE SALUD;92376;04/04/2025;04/04/2025 17:32:36;;;177530;0;0;177530;0;0;0;0;0;-;0;0;0;0;;;;;0;;0;2;0;0;0;;;;0;;;;;
34;Del Giro;70285100-9;MUTUAL DE SEGURIDAD C.CH.C;92367;04/04/2025;04/04/2025 17:32:30;04/04/2025 21:04:13;;120000;0;0;120000;0;0;0;0;0;-;0;0;0;0;;;;;0;;0;2;0;0;0;;;;0;;;;;
34;Del Giro;70285100-9;MUTUAL DE SEGURIDAD C.CH.C;92371;04/04/2025;04/04/2025 17:32:32;04/04/2025 19:05:17;;120000;0;0;120000;0;0;0;0;0;-;0;0;0;0;;;;;0;;0;2;0;0;0;;;;0;;;;;
34;Del Giro;76296619-0;COLMENA GOLDEN CROSS SA.;92377;04/04/2025;04/04/2025 17:32:36;;;1237274;0;0;1237274;0;0;0;0;0;-;0;0;0;0;0;;;;0;;0;2;0;0;0;;;;0;;;;;
34;Del Giro;70285100-9;MUTUAL DE SEGURIDAD C.CH.C;92374;04/04/2025;04/04/2025 17:32:35;04/04/2025 21:03:21;;60000;0;0;60000;0;0;0;0;0;-;0;0;0;0;;;;;0;;0;2;0;0;0;;;;0;;;;;
34;Del Giro;76296619-0;COLMENA GOLDEN CROSS SA.;92378;04/04/2025;04/04/2025 17:32:39;;;1654694;0;0;1654694;0;0;0;0;0;-;0;0;0;0;0;;;;0;;0;2;0;0;0;;;;0;;;;;
34;Del Giro;70285100-9;MUTUAL DE SEGURIDAD C.CH.C;92366;04/04/2025;04/04/2025 17:32:30;04/04/2025 19:03:24;;1846000;0;0;1846000;0;0;0;0;0;-;0;0;0;0;;;;;0;;0;2;0;0;0;;;;0;;;;;
34;Del Giro;70285100-9;MUTUAL DE SEGURIDAD C.CH.C;92373;04/04/2025;04/04/2025 17:32:34;04/04/2025 21:02:51;;120000;0;0;120000;0;0;0;0;0;-;0;0;0;0;;;;;0;;0;2;0;0;0;;;;0;;;;;
34;Del Giro;76296619-0;COLMENA GOLDEN CROSS SA.;92380;04/04/2025;04/04/2025 17:32:40;;;1073036;0;0;1073036;0;0;0;0;0;-;0;0;0;0;0;;;;0;;0;2;0;0;0;;;;0;;;;;
34;Del Giro;61603000-0;FONASA - FONDO NACIONAL DE SALUD;92375;04/04/2025;04/04/2025 17:32:36;;;16581330;0;0;16581330;0;0;0;0;0;-;0;0;0;0;;;;;0;;0;2;0;0;0;;;;0;;;;;
34;Del Giro;76296619-0;COLMENA GOLDEN CROSS SA.;92384;04/04/2025;04/04/2025 17:32:41;;;731559;0;0;731559;0;0;0;0;0;-;0;0;0;0;0;;;;0;;0;2;0;0;0;;;;0;;;;;
34;Del Giro;76296619-0;COLMENA GOLDEN CROSS SA.;92389;04/04/2025;04/04/2025 17:32:43;;;692605;0;0;692605;0;0;0;0;0;-;0;0;0;0;0;;;;0;;0;2;0;0;0;;;;0;;;;;
34;Del Giro;76296619-0;COLMENA GOLDEN CROSS SA.;92379;04/04/2025;04/04/2025 17:32:39;;;624394;0;0;624394;0;0;0;0;0;-;0;0;0;0;0;;;;0;;0;2;0;0;0;;;;0;;;;;
34;Del Giro;76296619-0;COLMENA GOLDEN CROSS SA.;92390;04/04/2025;04/04/2025 17:32:43;;;520711;0;0;520711;0;0;0;0;0;-;0;0;0;0;0;;;;0;;0;2;0;0;0;;;;0;;;;;
34;Del Giro;76296619-0;COLMENA GOLDEN CROSS SA.;92385;04/04/2025;04/04/2025 17:32:41;;;2327269;0;0;2327269;0;0;0;0;0;-;0;0;0;0;0;;;;0;;0;2;0;0;0;;;;0;;;;;
34;Del Giro;76296619-0;COLMENA GOLDEN CROSS SA.;92381;04/04/2025;04/04/2025 17:32:40;;;1654694;0;0;1654694;0;0;0;0;0;-;0;0;0;0;0;;;;0;;0;2;0;0;0;;;;0;;;;;
34;Del Giro;76296619-0;COLMENA GOLDEN CROSS SA.;92386;04/04/2025;04/04/2025 17:32:42;;;520711;0;0;520711;0;0;0;0;0;-;0;0;0;0;0;;;;0;;0;2;0;0;0;;;;0;;;;;
34;Del Giro;76296619-0;COLMENA GOLDEN CROSS SA.;92391;04/04/2025;04/04/2025 17:32:44;;;520711;0;0;520711;0;0;0;0;0;-;0;0;0;0;0;;;;0;;0;2;0;0;0;;;;0;;;;;
34;Del Giro;76296619-0;COLMENA GOLDEN CROSS SA.;92383;04/04/2025;04/04/2025 17:32:41;;;348790;0;0;348790;0;0;0;0;0;-;0;0;0;0;0;;;;0;;0;2;0;0;0;;;;0;;;;;
34;Del Giro;76296619-0;COLMENA GOLDEN CROSS SA.;92387;04/04/2025;04/04/2025 17:32:42;;;520711;0;0;520711;0;0;0;0;0;-;0;0;0;0;0;;;;0;;0;2;0;0;0;;;;0;;;;;
34;Del Giro;76296619-0;COLMENA GOLDEN CROSS SA.;92388;04/04/2025;04/04/2025 17:32:42;;;520711;0;0;520711;0;0;0;0;0;-;0;0;0;0;0;;;;0;;0;2;0;0;0;;;;0;;;;;
34;Del Giro;76296619-0;COLMENA GOLDEN CROSS SA.;92382;04/04/2025;04/04/2025 17:32:40;;;602406;0;0;602406;0;0;0;0;0;-;0;0;0;0;0;;;;0;;0;2;0;0;0;;;;0;;;;;
34;Del Giro;76296619-0;COLMENA GOLDEN CROSS SA.;92396;07/04/2025;07/04/2025 18:09:28;;;1353255;0;0;1353255;0;0;0;0;0;-;0;0;0;0;0;;;;0;;0;2;0;0;0;;;;0;;;;;
34;Del Giro;76296619-0;COLMENA GOLDEN CROSS SA.;92402;07/04/2025;07/04/2025 18:09:30;;;1314762;0;0;1314762;0;0;0;0;0;-;0;0;0;0;0;;;;0;;0;2;0;0;0;;;;0;;;;;
34;Del Giro;96502530-8;ISAPRE VIDA TRES;92398;07/04/2025;07/04/2025 18:09:28;;;232244;0;0;232244;0;0;0;0;0;-;0;0;0;0;0;;;;0;;0;2;0;0;0;;;;0;;;;;
34;Del Giro;76296619-0;COLMENA GOLDEN CROSS SA.;92399;07/04/2025;07/04/2025 18:09:29;;;893777;0;0;893777;0;0;0;0;0;-;0;0;0;0;0;;;;0;;0;2;0;0;0;;;;0;;;;;
34;Del Giro;76296619-0;COLMENA GOLDEN CROSS SA.;92401;07/04/2025;07/04/2025 18:09:29;;;1045119;0;0;1045119;0;0;0;0;0;-;0;0;0;0;0;;;;0;;0;2;0;0;0;;;;0;;;;;
34;Del Giro;96502530-8;ISAPRE VIDA TRES;92406;07/04/2025;07/04/2025 18:09:30;;;552960;0;0;552960;0;0;0;0;0;-;0;0;0;0;0;;;;0;;0;2;0;0;0;;;;0;;;;;
34;Del Giro;96502530-8;ISAPRE VIDA TRES;92400;07/04/2025;07/04/2025 18:09:29;;;276480;0;0;276480;0;0;0;0;0;-;0;0;0;0;0;;;;0;;0;2;0;0;0;;;;0;;;;;
34;Del Giro;96502530-8;ISAPRE VIDA TRES;92408;07/04/2025;07/04/2025 18:09:31;;;1031399;0;0;1031399;0;0;0;0;0;-;0;0;0;0;0;;;;0;;0;2;0;0;0;;;;0;;;;;
34;Del Giro;96856780-2;ISAPRE CONSALUD;92392;07/04/2025;07/04/2025 18:32:05;;;965229;0;0;965229;0;0;0;0;0;-;0;0;0;0;0;;;;0;;0;2;0;0;0;;;;0;;;;;
34;Del Giro;96572800-7;ISAPRE BANMEDICA;92403;07/04/2025;07/04/2025 18:32:08;;;1519413;0;0;1519413;0;0;0;0;0;-;0;0;0;0;0;;;;0;;0;2;0;0;0;;;;0;;;;;
34;Del Giro;96856780-2;ISAPRE CONSALUD;92393;07/04/2025;07/04/2025 18:32:06;;;1439107;0;0;1439107;0;0;0;0;0;-;0;0;0;0;0;;;;0;;0;2;0;0;0;;;;0;;;;;
34;Del Giro;96501450-0;ISAPRE CRUZ BLANCA;92407;07/04/2025;07/04/2025 18:32:09;;;1057378;0;0;1057378;0;0;0;0;0;-;0;0;0;0;0;;;;0;;0;2;0;0;0;;;;0;;;;;
34;Del Giro;96856780-2;ISAPRE CONSALUD;92397;07/04/2025;07/04/2025 18:32:08;;;4564529;0;0;4564529;0;0;0;0;0;-;0;0;0;0;0;;;;0;;0;2;0;0;0;;;;0;;;;;
34;Del Giro;96572800-7;ISAPRE BANMEDICA;92404;07/04/2025;07/04/2025 18:32:08;;;990140;0;0;990140;0;0;0;0;0;-;0;0;0;0;0;;;;0;;0;2;0;0;0;;;;0;;;;;
34;Del Giro;96856780-2;ISAPRE CONSALUD;92394;07/04/2025;07/04/2025 18:32:06;;;635422;0;0;635422;0;0;0;0;0;-;0;0;0;0;0;;;;0;;0;2;0;0;0;;;;0;;;;;
34;Del Giro;96501450-0;ISAPRE CRUZ BLANCA;92411;07/04/2025;07/04/2025 18:32:11;;;653280;0;0;653280;0;0;0;0;0;-;0;0;0;0;0;;;;0;;0;2;0;0;0;;;;0;;;;;
34;Del Giro;96856780-2;ISAPRE CONSALUD;92395;07/04/2025;07/04/2025 18:32:07;;;1118668;0;0;1118668;0;0;0;0;0;-;0;0;0;0;0;;;;0;;0;2;0;0;0;;;;0;;;;;
34;Del Giro;96572800-7;ISAPRE BANMEDICA;92405;07/04/2025;07/04/2025 18:32:09;;;1728000;0;0;1728000;0;0;0;0;0;-;0;0;0;0;0;;;;0;;0;2;0;0;0;;;;0;;;;;
34;Del Giro;96501450-0;ISAPRE CRUZ BLANCA;92409;07/04/2025;07/04/2025 18:32:10;;;1140100;0;0;1140100;0;0;0;0;0;-;0;0;0;0;0;;;;0;;0;2;0;0;0;;;;0;;;;;
34;Del Giro;96501450-0;ISAPRE CRUZ BLANCA;92410;07/04/2025;07/04/2025 18:32:10;;;3520772;0;0;3520772;0;0;0;0;0;-;0;0;0;0;0;;;;0;;0;2;0;0;0;;;;0;;;;;
34;Del Giro;71235700-2;ISAPRE FUNDACION;92415;07/04/2025;07/04/2025 18:32:12;;;95360;0;0;95360;0;0;0;0;0;-;0;0;0;0;0;;;;0;;0;2;0;0;0;;;;0;;;;;
34;Del Giro;71235700-2;ISAPRE FUNDACION;92416;07/04/2025;07/04/2025 18:32:12;;;1158507;0;0;1158507;0;0;0;0;0;-;0;0;0;0;0;;;;0;;0;2;0;0;0;;;;0;;;;;
34;Del Giro;96501450-0;ISAPRE CRUZ BLANCA;92412;07/04/2025;07/04/2025 18:32:11;;;336000;0;0;336000;0;0;0;0;0;-;0;0;0;0;0;;;;0;;0;2;0;0;0;;;;0;;;;;
34;Del Giro;96936100-0;Esencial S.A;92414;07/04/2025;07/04/2025 18:32:11;;;182875;0;0;182875;0;0;0;0;0;-;0;0;0;0;0;;;;0;;0;2;0;0;0;;;;0;;;;;
34;Del Giro;76361167-1;GLOBAL MERCURY CHILE S.A.;92441;08/04/2025;08/04/2025 17:39:12;09/04/2025 14:57:04;;2500000;0;0;2500000;0;0;0;0;0;-;0;0;0;0;0;;;;0;;0;2;0;0;0;;;;0;;;;;
34;Del Giro;76296619-0;COLMENA GOLDEN CROSS SA.;92417;08/04/2025;08/04/2025 18:11:03;;;1271821;0;0;1271821;0;0;0;0;0;-;0;0;0;0;0;;;;0;;0;2;0;0;0;;;;0;;;;;
34;Del Giro;76296619-0;COLMENA GOLDEN CROSS SA.;92418;08/04/2025;08/04/2025 18:11:05;;;1108774;0;0;1108774;0;0;0;0;0;-;0;0;0;0;0;;;;0;;0;2;0;0;0;;;;0;;;;;
34;Del Giro;76296619-0;COLMENA GOLDEN CROSS SA.;92430;08/04/2025;08/04/2025 18:11:08;;;360120;0;0;360120;0;0;0;0;0;-;0;0;0;0;0;;;;0;;0;2;0;0;0;;;;0;;;;;
34;Del Giro;76296619-0;COLMENA GOLDEN CROSS SA.;92426;08/04/2025;08/04/2025 18:11:07;;;1384335;0;0;1384335;0;0;0;0;0;-;0;0;0;0;0;;;;0;;0;2;0;0;0;;;;0;;;;;
34;Del Giro;76296619-0;COLMENA GOLDEN CROSS SA.;92427;08/04/2025;08/04/2025 18:11:08;;;1988267;0;0;1988267;0;0;0;0;0;-;0;0;0;0;0;;;;0;;0;2;0;0;0;;;;0;;;;;
34;Del Giro;76296619-0;COLMENA GOLDEN CROSS SA.;92432;08/04/2025;08/04/2025 18:11:09;;;220546;0;0;220546;0;0;0;0;0;-;0;0;0;0;0;;;;0;;0;2;0;0;0;;;;0;;;;;
34;Del Giro;76296619-0;COLMENA GOLDEN CROSS SA.;92421;08/04/2025;08/04/2025 18:11:07;;;1274363;0;0;1274363;0;0;0;0;0;-;0;0;0;0;0;;;;0;;0;2;0;0;0;;;;0;;;;;
34;Del Giro;70285100-9;MUTUAL DE SEGURIDAD C.CH.C;92443;08/04/2025;08/04/2025 18:11:10;09/04/2025 00:04:27;;1057321;0;0;1057321;0;0;0;0;0;-;0;0;0;0;;;;;0;;0;2;0;0;0;;;;0;;;;;
34;Del Giro;96572800-7;ISAPRE BANMEDICA;92422;08/04/2025;08/04/2025 18:35:43;;;560532;0;0;560532;0;0;0;0;0;-;0;0;0;0;0;;;;0;;0;2;0;0;0;;;;0;;;;;
34;Del Giro;71235700-2;ISAPRE FUNDACION;92420;08/04/2025;08/04/2025 18:35:43;;;60088;0;0;60088;0;0;0;0;0;-;0;0;0;0;0;;;;0;;0;2;0;0;0;;;;0;;;;;
34;Del Giro;71235700-2;ISAPRE FUNDACION;92419;08/04/2025;08/04/2025 18:35:43;;;36875;0;0;36875;0;0;0;0;0;-;0;0;0;0;0;;;;0;;0;2;0;0;0;;;;0;;;;;
34;Del Giro;96572800-7;ISAPRE BANMEDICA;92428;08/04/2025;08/04/2025 18:35:51;;;1602595;0;0;1602595;0;0;0;0;0;-;0;0;0;0;0;;;;0;;0;2;0;0;0;;;;0;;;;;
34;Del Giro;96572800-7;ISAPRE BANMEDICA;92433;08/04/2025;08/04/2025 18:35:53;;;331167;0;0;331167;0;0;0;0;0;-;0;0;0;0;0;;;;0;;0;2;0;0;0;;;;0;;;;;
34;Del Giro;96572800-7;ISAPRE BANMEDICA;92429;08/04/2025;08/04/2025 18:35:51;;;3073056;0;0;3073056;0;0;0;0;0;-;0;0;0;0;0;;;;0;;0;2;0;0;0;;;;0;;;;;
34;Del Giro;96572800-7;ISAPRE BANMEDICA;92437;08/04/2025;08/04/2025 18:35:55;;;2376060;0;0;2376060;0;0;0;0;0;-;0;0;0;0;0;;;;0;;0;2;0;0;0;;;;0;;;;;
34;Del Giro;61603000-0;FONASA - FONDO NACIONAL DE SALUD;92440;08/04/2025;08/04/2025 18:35:56;;;1235290;0;0;1235290;0;0;0;0;0;-;0;0;0;0;;;;;0;;0;2;0;0;0;;;;0;;;;;
34;Del Giro;96572800-7;ISAPRE BANMEDICA;92436;08/04/2025;08/04/2025 18:35:54;;;172726;0;0;172726;0;0;0;0;0;-;0;0;0;0;0;;;;0;;0;2;0;0;0;;;;0;;;;;
34;Del Giro;96572800-7;ISAPRE BANMEDICA;92434;08/04/2025;08/04/2025 18:35:54;;;142562;0;0;142562;0;0;0;0;0;-;0;0;0;0;0;;;;0;;0;2;0;0;0;;;;0;;;;;
34;Del Giro;96572800-7;ISAPRE BANMEDICA;92425;08/04/2025;08/04/2025 18:35:50;;;369024;0;0;369024;0;0;0;0;0;-;0;0;0;0;0;;;;0;;0;2;0;0;0;;;;0;;;;;
34;Del Giro;96572800-7;ISAPRE BANMEDICA;92435;08/04/2025;08/04/2025 18:35:54;;;249492;0;0;249492;0;0;0;0;0;-;0;0;0;0;0;;;;0;;0;2;0;0;0;;;;0;;;;;
34;Del Giro;96572800-7;ISAPRE BANMEDICA;92431;08/04/2025;08/04/2025 18:35:52;;;1713226;0;0;1713226;0;0;0;0;0;-;0;0;0;0;0;;;;0;;0;2;0;0;0;;;;0;;;;;
34;Del Giro;96572800-7;ISAPRE BANMEDICA;92424;08/04/2025;08/04/2025 18:35:50;;;291688;0;0;291688;0;0;0;0;0;-;0;0;0;0;0;;;;0;;0;2;0;0;0;;;;0;;;;;
34;Del Giro;96572800-7;ISAPRE BANMEDICA;92442;08/04/2025;08/04/2025 18:35:56;;;3840166;0;0;3840166;0;0;0;0;0;-;0;0;0;0;0;;;;0;;0;2;0;0;0;;;;0;;;;;
34;Del Giro;61603000-0;FONASA - FONDO NACIONAL DE SALUD;92439;08/04/2025;08/04/2025 18:35:56;;;1185500;0;0;1185500;0;0;0;0;0;-;0;0;0;0;;;;;0;;0;2;0;0;0;;;;0;;;;;
34;Del Giro;96856780-2;ISAPRE CONSALUD;92444;08/04/2025;08/04/2025 18:35:57;;;2797476;0;0;2797476;0;0;0;0;0;-;0;0;0;0;0;;;;0;;0;2;0;0;0;;;;0;;;;;
34;Del Giro;61603000-0;FONASA - FONDO NACIONAL DE SALUD;92438;08/04/2025;08/04/2025 18:35:55;;;476585;0;0;476585;0;0;0;0;0;-;0;0;0;0;;;;;0;;0;2;0;0;0;;;;0;;;;;
34;Del Giro;76334370-7;ISALUD ISAPRE DE CODELCO LTDA;92423;08/04/2025;08/04/2025 18:35:50;;;167981;0;0;167981;0;0;0;0;0;-;0;0;0;0;0;;;;0;;0;2;0;0;0;;;;0;;;;;
34;Del Giro;96856780-2;ISAPRE CONSALUD;92445;08/04/2025;09/04/2025 08:23:13;;;525735;0;0;525735;0;0;0;0;0;-;0;0;0;0;0;;;;0;;0;2;0;0;0;;;;0;;;;;
34;Del Giro;61603000-0;FONASA - FONDO NACIONAL DE SALUD;92488;09/04/2025;09/04/2025 17:19:21;;;1185500;0;0;1185500;0;0;0;0;0;-;0;0;0;0;;;;;0;;0;2;0;0;0;;;;0;;;;;
34;Del Giro;61603000-0;FONASA - FONDO NACIONAL DE SALUD;92491;09/04/2025;09/04/2025 17:19:22;;;107401;0;0;107401;0;0;0;0;0;-;0;0;0;0;;;;;0;;0;2;0;0;0;;;;0;;;;;
34;Del Giro;61603000-0;FONASA - FONDO NACIONAL DE SALUD;92500;09/04/2025;09/04/2025 17:19:25;;;397185;0;0;397185;0;0;0;0;0;-;0;0;0;0;;;;;0;;0;2;0;0;0;;;;0;;;;;
34;Del Giro;61603000-0;FONASA - FONDO NACIONAL DE SALUD;92499;09/04/2025;09/04/2025 17:19:24;;;1044430;0;0;1044430;0;0;0;0;0;-;0;0;0;0;;;;;0;;0;2;0;0;0;;;;0;;;;;
34;Del Giro;61603000-0;FONASA - FONDO NACIONAL DE SALUD;92493;09/04/2025;09/04/2025 17:19:23;;;397185;0;0;397185;0;0;0;0;0;-;0;0;0;0;;;;;0;;0;2;0;0;0;;;;0;;;;;
34;Del Giro;61603000-0;FONASA - FONDO NACIONAL DE SALUD;92494;09/04/2025;09/04/2025 17:19:23;;;563160;0;0;563160;0;0;0;0;0;-;0;0;0;0;;;;;0;;0;2;0;0;0;;;;0;;;;;
34;Del Giro;61603000-0;FONASA - FONDO NACIONAL DE SALUD;92490;09/04/2025;09/04/2025 17:19:22;;;694325;0;0;694325;0;0;0;0;0;-;0;0;0;0;;;;;0;;0;2;0;0;0;;;;0;;;;;
34;Del Giro;61603000-0;FONASA - FONDO NACIONAL DE SALUD;92495;09/04/2025;09/04/2025 17:19:23;;;1002330;0;0;1002330;0;0;0;0;0;-;0;0;0;0;;;;;0;;0;2;0;0;0;;;;0;;;;;
34;Del Giro;61603000-0;FONASA - FONDO NACIONAL DE SALUD;92504;09/04/2025;09/04/2025 17:19:26;;;1235290;0;0;1235290;0;0;0;0;0;-;0;0;0;0;;;;;0;;0;2;0;0;0;;;;0;;;;;
34;Del Giro;61603000-0;FONASA - FONDO NACIONAL DE SALUD;92496;09/04/2025;09/04/2025 17:19:24;;;1044430;0;0;1044430;0;0;0;0;0;-;0;0;0;0;;;;;0;;0;2;0;0;0;;;;0;;;;;
34;Del Giro;61603000-0;FONASA - FONDO NACIONAL DE SALUD;92503;09/04/2025;09/04/2025 17:19:25;;;397185;0;0;397185;0;0;0;0;0;-;0;0;0;0;;;;;0;;0;2;0;0;0;;;;0;;;;;
34;Del Giro;61603000-0;FONASA - FONDO NACIONAL DE SALUD;92507;09/04/2025;09/04/2025 17:19:27;;;838940;0;0;838940;0;0;0;0;0;-;0;0;0;0;;;;;0;;0;2;0;0;0;;;;0;;;;;
34;Del Giro;61603000-0;FONASA - FONDO NACIONAL DE SALUD;92502;09/04/2025;09/04/2025 17:19:25;;;983580;0;0;983580;0;0;0;0;0;-;0;0;0;0;;;;;0;;0;2;0;0;0;;;;0;;;;;
34;Del Giro;61603000-0;FONASA - FONDO NACIONAL DE SALUD;92498;09/04/2025;09/04/2025 17:19:24;;;1190890;0;0;1190890;0;0;0;0;0;-;0;0;0;0;;;;;0;;0;2;0;0;0;;;;0;;;;;
34;Del Giro;61603000-0;FONASA - FONDO NACIONAL DE SALUD;92505;09/04/2025;09/04/2025 17:19:27;;;1044430;0;0;1044430;0;0;0;0;0;-;0;0;0;0;;;;;0;;0;2;0;0;0;;;;0;;;;;
34;Del Giro;61603000-0;FONASA - FONDO NACIONAL DE SALUD;92512;09/04/2025;09/04/2025 17:19:30;;;209899;0;0;209899;0;0;0;0;0;-;0;0;0;0;;;;;0;;0;2;0;0;0;;;;0;;;;;
34;Del Giro;61603000-0;FONASA - FONDO NACIONAL DE SALUD;92519;09/04/2025;09/04/2025 17:19:32;;;209899;0;0;209899;0;0;0;0;0;-;0;0;0;0;;;;;0;;0;2;0;0;0;;;;0;;;;;
34;Del Giro;61603000-0;FONASA - FONDO NACIONAL DE SALUD;92509;09/04/2025;09/04/2025 17:19:28;;;314854;0;0;314854;0;0;0;0;0;-;0;0;0;0;;;;;0;;0;2;0;0;0;;;;0;;;;;
34;Del Giro;61603000-0;FONASA - FONDO NACIONAL DE SALUD;92520;09/04/2025;09/04/2025 17:19:32;;;1044430;0;0;1044430;0;0;0;0;0;-;0;0;0;0;;;;;0;;0;2;0;0;0;;;;0;;;;;
34;Del Giro;61603000-0;FONASA - FONDO NACIONAL DE SALUD;92511;09/04/2025;09/04/2025 17:19:28;;;1235290;0;0;1235290;0;0;0;0;0;-;0;0;0;0;;;;;0;;0;2;0;0;0;;;;0;;;;;
34;Del Giro;61603000-0;FONASA - FONDO NACIONAL DE SALUD;92508;09/04/2025;09/04/2025 17:19:27;;;563160;0;0;563160;0;0;0;0;0;-;0;0;0;0;;;;;0;;0;2;0;0;0;;;;0;;;;;
34;Del Giro;61603000-0;FONASA - FONDO NACIONAL DE SALUD;92516;09/04/2025;09/04/2025 17:19:31;;;209899;0;0;209899;0;0;0;0;0;-;0;0;0;0;;;;;0;;0;2;0;0;0;;;;0;;;;;
34;Del Giro;61603000-0;FONASA - FONDO NACIONAL DE SALUD;92514;09/04/2025;09/04/2025 17:19:30;;;209899;0;0;209899;0;0;0;0;0;-;0;0;0;0;;;;;0;;0;2;0;0;0;;;;0;;;;;
34;Del Giro;61603000-0;FONASA - FONDO NACIONAL DE SALUD;92515;09/04/2025;09/04/2025 17:19:31;;;314854;0;0;314854;0;0;0;0;0;-;0;0;0;0;;;;;0;;0;2;0;0;0;;;;0;;;;;
34;Del Giro;61603000-0;FONASA - FONDO NACIONAL DE SALUD;92517;09/04/2025;09/04/2025 17:19:32;;;103076;0;0;103076;0;0;0;0;0;-;0;0;0;0;;;;;0;;0;2;0;0;0;;;;0;;;;;
34;Del Giro;61603000-0;FONASA - FONDO NACIONAL DE SALUD;92524;09/04/2025;09/04/2025 17:19:34;;;1235290;0;0;1235290;0;0;0;0;0;-;0;0;0;0;;;;;0;;0;2;0;0;0;;;;0;;;;;
34;Del Giro;61603000-0;FONASA - FONDO NACIONAL DE SALUD;92533;09/04/2025;09/04/2025 17:19:35;;;209899;0;0;209899;0;0;0;0;0;-;0;0;0;0;;;;;0;;0;2;0;0;0;;;;0;;;;;
34;Del Giro;61603000-0;FONASA - FONDO NACIONAL DE SALUD;92521;09/04/2025;09/04/2025 17:19:33;;;397185;0;0;397185;0;0;0;0;0;-;0;0;0;0;;;;;0;;0;2;0;0;0;;;;0;;;;;
34;Del Giro;61603000-0;FONASA - FONDO NACIONAL DE SALUD;92534;09/04/2025;09/04/2025 17:19:35;;;694325;0;0;694325;0;0;0;0;0;-;0;0;0;0;;;;;0;;0;2;0;0;0;;;;0;;;;;
34;Del Giro;61603000-0;FONASA - FONDO NACIONAL DE SALUD;92523;09/04/2025;09/04/2025 17:19:33;;;209899;0;0;209899;0;0;0;0;0;-;0;0;0;0;;;;;0;;0;2;0;0;0;;;;0;;;;;
34;Del Giro;61603000-0;FONASA - FONDO NACIONAL DE SALUD;92526;09/04/2025;09/04/2025 17:19:34;;;209899;0;0;209899;0;0;0;0;0;-;0;0;0;0;;;;;0;;0;2;0;0;0;;;;0;;;;;
34;Del Giro;61603000-0;FONASA - FONDO NACIONAL DE SALUD;92532;09/04/2025;09/04/2025 17:19:35;;;209899;0;0;209899;0;0;0;0;0;-;0;0;0;0;;;;;0;;0;2;0;0;0;;;;0;;;;;
34;Del Giro;61603000-0;FONASA - FONDO NACIONAL DE SALUD;92522;09/04/2025;09/04/2025 17:19:33;;;314854;0;0;314854;0;0;0;0;0;-;0;0;0;0;;;;;0;;0;2;0;0;0;;;;0;;;;;
34;Del Giro;61603000-0;FONASA - FONDO NACIONAL DE SALUD;92527;09/04/2025;09/04/2025 17:19:34;;;849590;0;0;849590;0;0;0;0;0;-;0;0;0;0;;;;;0;;0;2;0;0;0;;;;0;;;;;
34;Del Giro;96501450-0;ISAPRE CRUZ BLANCA;92448;09/04/2025;09/04/2025 18:18:55;;;45604;0;0;45604;0;0;0;0;0;-;0;0;0;0;0;;;;0;;0;2;0;0;0;;;;0;;;;;
34;Del Giro;96502530-8;ISAPRE VIDA TRES;92449;09/04/2025;09/04/2025 18:18:55;;;34560;0;0;34560;0;0;0;0;0;-;0;0;0;0;0;;;;0;;0;2;0;0;0;;;;0;;;;;
34;Del Giro;76296619-0;COLMENA GOLDEN CROSS SA.;92446;09/04/2025;09/04/2025 18:18:52;;;44243;0;0;44243;0;0;0;0;0;-;0;0;0;0;0;;;;0;;0;2;0;0;0;;;;0;;;;;
34;Del Giro;61603000-0;FONASA - FONDO NACIONAL DE SALUD;92458;09/04/2025;09/04/2025 18:18:57;;;296400;0;0;296400;0;0;0;0;0;-;0;0;0;0;;;;;0;;0;2;0;0;0;;;;0;;;;;
34;Del Giro;96502530-8;ISAPRE VIDA TRES;92466;09/04/2025;09/04/2025 18:18:59;;;34560;0;0;34560;0;0;0;0;0;-;0;0;0;0;0;;;;0;;0;2;0;0;0;;;;0;;;;;
34;Del Giro;76296619-0;COLMENA GOLDEN CROSS SA.;92462;09/04/2025;09/04/2025 18:18:58;;;103324;0;0;103324;0;0;0;0;0;-;0;0;0;0;0;;;;0;;0;2;0;0;0;;;;0;;;;;
34;Del Giro;61603000-0;FONASA - FONDO NACIONAL DE SALUD;92506;09/04/2025;09/04/2025 18:19:02;;;995810;0;0;995810;0;0;0;0;0;-;0;0;0;0;;;;;0;;0;2;0;0;0;;;;0;;;;;
34;Del Giro;61603000-0;FONASA - FONDO NACIONAL DE SALUD;92453;09/04/2025;09/04/2025 18:18:57;;;1275900;0;0;1275900;0;0;0;0;0;-;0;0;0;0;;;;;0;;0;2;0;0;0;;;;0;;;;;
34;Del Giro;61603000-0;FONASA - FONDO NACIONAL DE SALUD;92475;09/04/2025;09/04/2025 18:19:00;;;959970;0;0;959970;0;0;0;0;0;-;0;0;0;0;;;;;0;;0;2;0;0;0;;;;0;;;;;
34;Del Giro;96572800-7;ISAPRE BANMEDICA;92450;09/04/2025;09/04/2025 18:18:56;;;283978;0;0;283978;0;0;0;0;0;-;0;0;0;0;0;;;;0;;0;2;0;0;0;;;;0;;;;;
34;Del Giro;61603000-0;FONASA - FONDO NACIONAL DE SALUD;92455;09/04/2025;09/04/2025 18:18:57;;;890710;0;0;890710;0;0;0;0;0;-;0;0;0;0;;;;;0;;0;2;0;0;0;;;;0;;;;;
34;Del Giro;96856780-2;ISAPRE CONSALUD;92447;09/04/2025;09/04/2025 18:18:54;;;65804;0;0;65804;0;0;0;0;0;-;0;0;0;0;0;;;;0;;0;2;0;0;0;;;;0;;;;;
34;Del Giro;61603000-0;FONASA - FONDO NACIONAL DE SALUD;92472;09/04/2025;09/04/2025 18:19:00;;;2305770;0;0;2305770;0;0;0;0;0;-;0;0;0;0;;;;;0;;0;2;0;0;0;;;;0;;;;;
34;Del Giro;96856780-2;ISAPRE CONSALUD;92463;09/04/2025;09/04/2025 18:18:58;;;296118;0;0;296118;0;0;0;0;0;-;0;0;0;0;0;;;;0;;0;2;0;0;0;;;;0;;;;;
34;Del Giro;61603000-0;FONASA - FONDO NACIONAL DE SALUD;92477;09/04/2025;09/04/2025 18:19:01;;;326580;0;0;326580;0;0;0;0;0;-;0;0;0;0;;;;;0;;0;2;0;0;0;;;;0;;;;;
34;Del Giro;96501450-0;ISAPRE CRUZ BLANCA;92464;09/04/2025;09/04/2025 18:18:59;;;243950;0;0;243950;0;0;0;0;0;-;0;0;0;0;0;;;;0;;0;2;0;0;0;;;;0;;;;;
34;Del Giro;61603000-0;FONASA - FONDO NACIONAL DE SALUD;92452;09/04/2025;09/04/2025 18:18:56;;;1192900;0;0;1192900;0;0;0;0;0;-;0;0;0;0;;;;;0;;0;2;0;0;0;;;;0;;;;;
34;Del Giro;61603000-0;FONASA - FONDO NACIONAL DE SALUD;92497;09/04/2025;09/04/2025 18:19:01;;;663460;0;0;663460;0;0;0;0;0;-;0;0;0;0;;;;;0;;0;2;0;0;0;;;;0;;;;;
34;Del Giro;61603000-0;FONASA - FONDO NACIONAL DE SALUD;92476;09/04/2025;09/04/2025 18:19:01;;;895610;0;0;895610;0;0;0;0;0;-;0;0;0;0;;;;;0;;0;2;0;0;0;;;;0;;;;;
34;Del Giro;96572800-7;ISAPRE BANMEDICA;92542;09/04/2025;09/04/2025 18:19:03;;;246469;0;0;246469;0;0;0;0;0;-;0;0;0;0;0;;;;0;;0;2;0;0;0;;;;0;;;;;
34;Del Giro;61603000-0;FONASA - FONDO NACIONAL DE SALUD;92539;09/04/2025;09/04/2025 18:19:03;;;35850;0;0;35850;0;0;0;0;0;-;0;0;0;0;;;;;0;;0;2;0;0;0;;;;0;;;;;
34;Del Giro;61603000-0;FONASA - FONDO NACIONAL DE SALUD;92541;09/04/2025;09/04/2025 18:19:03;;;23900;0;0;23900;0;0;0;0;0;-;0;0;0;0;;;;;0;;0;2;0;0;0;;;;0;;;;;
34;Del Giro;96572800-7;ISAPRE BANMEDICA;92469;09/04/2025;09/04/2025 18:18:59;;;241920;0;0;241920;0;0;0;0;0;-;0;0;0;0;0;;;;0;;0;2;0;0;0;;;;0;;;;;
34;Del Giro;61603000-0;FONASA - FONDO NACIONAL DE SALUD;92529;09/04/2025;09/04/2025 18:19:02;;;324175;0;0;324175;0;0;0;0;0;-;0;0;0;0;;;;;0;;0;2;0;0;0;;;;0;;;;;
34;Del Giro;61603000-0;FONASA - FONDO NACIONAL DE SALUD;92537;09/04/2025;09/04/2025 18:19:02;;;23900;0;0;23900;0;0;0;0;0;-;0;0;0;0;;;;;0;;0;2;0;0;0;;;;0;;;;;
34;Del Giro;61603000-0;FONASA - FONDO NACIONAL DE SALUD;92454;09/04/2025;09/04/2025 18:27:14;;;71700;0;0;71700;0;0;0;0;0;-;0;0;0;0;;;;;0;;0;2;0;0;0;;;;0;;;;;
34;Del Giro;96501450-0;ISAPRE CRUZ BLANCA;92459;09/04/2025;09/04/2025 18:27:16;;;1607834;0;0;1607834;0;0;0;0;0;-;0;0;0;0;0;;;;0;;0;2;0;0;0;;;;0;;;;;
34;Del Giro;96501450-0;ISAPRE CRUZ BLANCA;92456;09/04/2025;09/04/2025 18:27:15;;;1578539;0;0;1578539;0;0;0;0;0;-;0;0;0;0;0;;;;0;;0;2;0;0;0;;;;0;;;;;
34;Del Giro;61603000-0;FONASA - FONDO NACIONAL DE SALUD;92451;09/04/2025;09/04/2025 18:27:14;;;4331120;0;0;4331120;0;0;0;0;0;-;0;0;0;0;;;;;0;;0;2;0;0;0;;;;0;;;;;
34;Del Giro;96502530-8;ISAPRE VIDA TRES;92471;09/04/2025;09/04/2025 18:27:18;;;69120;0;0;69120;0;0;0;0;0;-;0;0;0;0;0;;;;0;;0;2;0;0;0;;;;0;;;;;
34;Del Giro;76296619-0;COLMENA GOLDEN CROSS SA.;92467;09/04/2025;09/04/2025 18:27:17;;;69886;0;0;69886;0;0;0;0;0;-;0;0;0;0;0;;;;0;;0;2;0;0;0;;;;0;;;;;
34;Del Giro;96572800-7;ISAPRE BANMEDICA;92465;09/04/2025;09/04/2025 18:27:17;;;232244;0;0;232244;0;0;0;0;0;-;0;0;0;0;0;;;;0;;0;2;0;0;0;;;;0;;;;;
34;Del Giro;96501450-0;ISAPRE CRUZ BLANCA;92461;09/04/2025;09/04/2025 18:27:16;;;1374291;0;0;1374291;0;0;0;0;0;-;0;0;0;0;0;;;;0;;0;2;0;0;0;;;;0;;;;;
34;Del Giro;96501450-0;ISAPRE CRUZ BLANCA;92460;09/04/2025;09/04/2025 18:27:16;;;648944;0;0;648944;0;0;0;0;0;-;0;0;0;0;0;;;;0;;0;2;0;0;0;;;;0;;;;;
34;Del Giro;96501450-0;ISAPRE CRUZ BLANCA;92457;09/04/2025;09/04/2025 18:27:15;;;1757451;0;0;1757451;0;0;0;0;0;-;0;0;0;0;0;;;;0;;0;2;0;0;0;;;;0;;;;;
34;Del Giro;76334370-7;ISALUD ISAPRE DE CODELCO LTDA;92474;09/04/2025;09/04/2025 18:27:19;;;255371;0;0;255371;0;0;0;0;0;-;0;0;0;0;0;;;;0;;0;2;0;0;0;;;;0;;;;;
34;Del Giro;76296619-0;COLMENA GOLDEN CROSS SA.;92480;09/04/2025;09/04/2025 18:27:20;;;227235;0;0;227235;0;0;0;0;0;-;0;0;0;0;0;;;;0;;0;2;0;0;0;;;;0;;;;;
34;Del Giro;96856780-2;ISAPRE CONSALUD;92483;09/04/2025;09/04/2025 18:27:21;;;2621485;0;0;2621485;0;0;0;0;0;-;0;0;0;0;0;;;;0;;0;2;0;0;0;;;;0;;;;;
34;Del Giro;96501450-0;ISAPRE CRUZ BLANCA;92470;09/04/2025;09/04/2025 18:27:18;;;132144;0;0;132144;0;0;0;0;0;-;0;0;0;0;0;;;;0;;0;2;0;0;0;;;;0;;;;;
34;Del Giro;96856780-2;ISAPRE CONSALUD;92468;09/04/2025;09/04/2025 18:27:17;;;197412;0;0;197412;0;0;0;0;0;-;0;0;0;0;0;;;;0;;0;2;0;0;0;;;;0;;;;;
34;Del Giro;96856780-2;ISAPRE CONSALUD;92479;09/04/2025;09/04/2025 18:27:19;;;1750973;0;0;1750973;0;0;0;0;0;-;0;0;0;0;0;;;;0;;0;2;0;0;0;;;;0;;;;;
34;Del Giro;96856780-2;ISAPRE CONSALUD;92473;09/04/2025;09/04/2025 18:27:18;;;1527611;0;0;1527611;0;0;0;0;0;-;0;0;0;0;0;;;;0;;0;2;0;0;0;;;;0;;;;;
34;Del Giro;76296619-0;COLMENA GOLDEN CROSS SA.;92478;09/04/2025;09/04/2025 18:27:19;;;1648015;0;0;1648015;0;0;0;0;0;-;0;0;0;0;0;;;;0;;0;2;0;0;0;;;;0;;;;;
34;Del Giro;96856780-2;ISAPRE CONSALUD;92482;09/04/2025;09/04/2025 18:27:21;;;542878;0;0;542878;0;0;0;0;0;-;0;0;0;0;0;;;;0;;0;2;0;0;0;;;;0;;;;;
34;Del Giro;71235700-2;ISAPRE FUNDACION;92510;09/04/2025;09/04/2025 18:27:24;;;95360;0;0;95360;0;0;0;0;0;-;0;0;0;0;0;;;;0;;0;2;0;0;0;;;;0;;;;;
34;Del Giro;96502530-8;ISAPRE VIDA TRES;92525;09/04/2025;09/04/2025 18:27:25;;;318612;0;0;318612;0;0;0;0;0;-;0;0;0;0;0;;;;0;;0;2;0;0;0;;;;0;;;;;
34;Del Giro;76296619-0;COLMENA GOLDEN CROSS SA.;92501;09/04/2025;09/04/2025 18:27:24;;;878957;0;0;878957;0;0;0;0;0;-;0;0;0;0;0;;;;0;;0;2;0;0;0;;;;0;;;;;
34;Del Giro;96856780-2;ISAPRE CONSALUD;92481;09/04/2025;09/04/2025 18:27:20;;;1321520;0;0;1321520;0;0;0;0;0;-;0;0;0;0;0;;;;0;;0;2;0;0;0;;;;0;;;;;
34;Del Giro;96856780-2;ISAPRE CONSALUD;92486;09/04/2025;09/04/2025 18:27:22;;;1611458;0;0;1611458;0;0;0;0;0;-;0;0;0;0;0;;;;0;;0;2;0;0;0;;;;0;;;;;
34;Del Giro;96856780-2;ISAPRE CONSALUD;92484;09/04/2025;09/04/2025 18:27:21;;;2621485;0;0;2621485;0;0;0;0;0;-;0;0;0;0;0;;;;0;;0;2;0;0;0;;;;0;;;;;
34;Del Giro;96856780-2;ISAPRE CONSALUD;92487;09/04/2025;09/04/2025 18:27:23;;;65804;0;0;65804;0;0;0;0;0;-;0;0;0;0;0;;;;0;;0;2;0;0;0;;;;0;;;;;
34;Del Giro;61603000-0;FONASA - FONDO NACIONAL DE SALUD;92528;09/04/2025;09/04/2025 18:27:26;;;1235290;0;0;1235290;0;0;0;0;0;-;0;0;0;0;;;;;0;;0;2;0;0;0;;;;0;;;;;
34;Del Giro;96856780-2;ISAPRE CONSALUD;92485;09/04/2025;09/04/2025 18:27:22;;;542878;0;0;542878;0;0;0;0;0;-;0;0;0;0;0;;;;0;;0;2;0;0;0;;;;0;;;;;
34;Del Giro;96501450-0;ISAPRE CRUZ BLANCA;92513;09/04/2025;09/04/2025 18:27:24;;;1266754;0;0;1266754;0;0;0;0;0;-;0;0;0;0;0;;;;0;;0;2;0;0;0;;;;0;;;;;
34;Del Giro;96856780-2;ISAPRE CONSALUD;92492;09/04/2025;09/04/2025 18:27:23;;;851676;0;0;851676;0;0;0;0;0;-;0;0;0;0;0;;;;0;;0;2;0;0;0;;;;0;;;;;
34;Del Giro;96501450-0;ISAPRE CRUZ BLANCA;92518;09/04/2025;09/04/2025 18:27:25;;;91208;0;0;91208;0;0;0;0;0;-;0;0;0;0;0;;;;0;;0;2;0;0;0;;;;0;;;;;
34;Del Giro;61603000-0;FONASA - FONDO NACIONAL DE SALUD;92536;09/04/2025;09/04/2025 18:27:27;;;1524180;0;0;1524180;0;0;0;0;0;-;0;0;0;0;;;;;0;;0;2;0;0;0;;;;0;;;;;
34;Del Giro;96572800-7;ISAPRE BANMEDICA;92540;09/04/2025;09/04/2025 18:27:28;;;2881164;0;0;2881164;0;0;0;0;0;-;0;0;0;0;0;;;;0;;0;2;0;0;0;;;;0;;;;;
34;Del Giro;96502530-8;ISAPRE VIDA TRES;92530;09/04/2025;09/04/2025 18:27:26;;;34560;0;0;34560;0;0;0;0;0;-;0;0;0;0;0;;;;0;;0;2;0;0;0;;;;0;;;;;
34;Del Giro;61603000-0;FONASA - FONDO NACIONAL DE SALUD;92531;09/04/2025;09/04/2025 18:27:27;;;450015;0;0;450015;0;0;0;0;0;-;0;0;0;0;;;;;0;;0;2;0;0;0;;;;0;;;;;
34;Del Giro;96856780-2;ISAPRE CONSALUD;92489;09/04/2025;09/04/2025 18:27:23;;;2508597;0;0;2508597;0;0;0;0;0;-;0;0;0;0;0;;;;0;;0;2;0;0;0;;;;0;;;;;
34;Del Giro;61603000-0;FONASA - FONDO NACIONAL DE SALUD;92538;09/04/2025;09/04/2025 18:27:28;;;35850;0;0;35850;0;0;0;0;0;-;0;0;0;0;;;;;0;;0;2;0;0;0;;;;0;;;;;
34;Del Giro;96572800-7;ISAPRE BANMEDICA;92535;09/04/2025;09/04/2025 18:27:27;;;138240;0;0;138240;0;0;0;0;0;-;0;0;0;0;0;;;;0;;0;2;0;0;0;;;;0;;;;;
34;Del Giro;61603000-0;FONASA - FONDO NACIONAL DE SALUD;92543;09/04/2025;09/04/2025 18:27:29;;;47800;0;0;47800;0;0;0;0;0;-;0;0;0;0;;;;;0;;0;2;0;0;0;;;;0;;;;;
34;Del Giro;96856780-2;ISAPRE CONSALUD;92545;10/04/2025;10/04/2025 18:36:20;;;230314;0;0;230314;0;0;0;0;0;-;0;0;0;0;0;;;;0;;0;2;0;0;0;;;;0;;;;;
34;Del Giro;76296619-0;COLMENA GOLDEN CROSS SA.;92549;10/04/2025;10/04/2025 18:36:22;;;311477;0;0;311477;0;0;0;0;0;-;0;0;0;0;0;;;;0;;0;2;0;0;0;;;;0;;;;;
34;Del Giro;96856780-2;ISAPRE CONSALUD;92554;10/04/2025;10/04/2025 18:36:24;;;602418;0;0;602418;0;0;0;0;0;-;0;0;0;0;0;;;;0;;0;2;0;0;0;;;;0;;;;;
34;Del Giro;61603000-0;FONASA - FONDO NACIONAL DE SALUD;92558;10/04/2025;10/04/2025 18:36:25;;;840200;0;0;840200;0;0;0;0;0;-;0;0;0;0;;;;;0;;0;2;0;0;0;;;;0;;;;;
34;Del Giro;96572800-7;ISAPRE BANMEDICA;92547;10/04/2025;10/04/2025 18:36:21;;;172800;0;0;172800;0;0;0;0;0;-;0;0;0;0;0;;;;0;;0;2;0;0;0;;;;0;;;;;
34;Del Giro;96502530-8;ISAPRE VIDA TRES;92555;10/04/2025;10/04/2025 18:36:24;;;69120;0;0;69120;0;0;0;0;0;-;0;0;0;0;0;;;;0;;0;2;0;0;0;;;;0;;;;;
34;Del Giro;61603000-0;FONASA - FONDO NACIONAL DE SALUD;92560;10/04/2025;10/04/2025 18:36:26;;;1244050;0;0;1244050;0;0;0;0;0;-;0;0;0;0;;;;;0;;0;2;0;0;0;;;;0;;;;;
34;Del Giro;96501450-0;ISAPRE CRUZ BLANCA;92546;10/04/2025;10/04/2025 18:36:21;;;195114;0;0;195114;0;0;0;0;0;-;0;0;0;0;0;;;;0;;0;2;0;0;0;;;;0;;;;;
34;Del Giro;76296619-0;COLMENA GOLDEN CROSS SA.;92544;10/04/2025;10/04/2025 18:36:20;;;232992;0;0;232992;0;0;0;0;0;-;0;0;0;0;0;;;;0;;0;2;0;0;0;;;;0;;;;;
34;Del Giro;96572800-7;ISAPRE BANMEDICA;92550;10/04/2025;10/04/2025 18:36:22;;;387732;0;0;387732;0;0;0;0;0;-;0;0;0;0;0;;;;0;;0;2;0;0;0;;;;0;;;;;
34;Del Giro;96501450-0;ISAPRE CRUZ BLANCA;92553;10/04/2025;10/04/2025 18:36:23;;;278800;0;0;278800;0;0;0;0;0;-;0;0;0;0;0;;;;0;;0;2;0;0;0;;;;0;;;;;
34;Del Giro;76296619-0;COLMENA GOLDEN CROSS SA.;92552;10/04/2025;10/04/2025 18:36:23;;;125729;0;0;125729;0;0;0;0;0;-;0;0;0;0;0;;;;0;;0;2;0;0;0;;;;0;;;;;
34;Del Giro;61603000-0;FONASA - FONDO NACIONAL DE SALUD;92548;10/04/2025;10/04/2025 18:36:21;;;464320;0;0;464320;0;0;0;0;0;-;0;0;0;0;;;;;0;;0;2;0;0;0;;;;0;;;;;
34;Del Giro;96856780-2;ISAPRE CONSALUD;92551;10/04/2025;10/04/2025 18:36:23;;;263216;0;0;263216;0;0;0;0;0;-;0;0;0;0;0;;;;0;;0;2;0;0;0;;;;0;;;;;
34;Del Giro;96572800-7;ISAPRE BANMEDICA;92557;10/04/2025;10/04/2025 18:36:25;;;103680;0;0;103680;0;0;0;0;0;-;0;0;0;0;0;;;;0;;0;2;0;0;0;;;;0;;;;;
34;Del Giro;61603000-0;FONASA - FONDO NACIONAL DE SALUD;92561;10/04/2025;10/04/2025 18:36:26;;;23900;0;0;23900;0;0;0;0;0;-;0;0;0;0;;;;;0;;0;2;0;0;0;;;;0;;;;;
34;Del Giro;61603000-0;FONASA - FONDO NACIONAL DE SALUD;92565;10/04/2025;10/04/2025 18:36:28;;;59750;0;0;59750;0;0;0;0;0;-;0;0;0;0;;;;;0;;0;2;0;0;0;;;;0;;;;;
34;Del Giro;61603000-0;FONASA - FONDO NACIONAL DE SALUD;92564;10/04/2025;10/04/2025 18:36:28;;;59750;0;0;59750;0;0;0;0;0;-;0;0;0;0;;;;;0;;0;2;0;0;0;;;;0;;;;;
34;Del Giro;61603000-0;FONASA - FONDO NACIONAL DE SALUD;92559;10/04/2025;10/04/2025 18:36:25;;;23900;0;0;23900;0;0;0;0;0;-;0;0;0;0;;;;;0;;0;2;0;0;0;;;;0;;;;;
34;Del Giro;61603000-0;FONASA - FONDO NACIONAL DE SALUD;92571;10/04/2025;10/04/2025 18:36:31;;;468925;0;0;468925;0;0;0;0;0;-;0;0;0;0;;;;;0;;0;2;0;0;0;;;;0;;;;;
34;Del Giro;96572800-7;ISAPRE BANMEDICA;92569;10/04/2025;10/04/2025 18:36:30;;;304692;0;0;304692;0;0;0;0;0;-;0;0;0;0;0;;;;0;;0;2;0;0;0;;;;0;;;;;
34;Del Giro;61603000-0;FONASA - FONDO NACIONAL DE SALUD;92567;10/04/2025;10/04/2025 18:36:29;;;1734540;0;0;1734540;0;0;0;0;0;-;0;0;0;0;;;;;0;;0;2;0;0;0;;;;0;;;;;
34;Del Giro;61603000-0;FONASA - FONDO NACIONAL DE SALUD;92573;10/04/2025;10/04/2025 18:36:32;;;160130;0;0;160130;0;0;0;0;0;-;0;0;0;0;;;;;0;;0;2;0;0;0;;;;0;;;;;
34;Del Giro;61603000-0;FONASA - FONDO NACIONAL DE SALUD;92562;10/04/2025;10/04/2025 18:36:27;;;11950;0;0;11950;0;0;0;0;0;-;0;0;0;0;;;;;0;;0;2;0;0;0;;;;0;;;;;
34;Del Giro;96501450-0;ISAPRE CRUZ BLANCA;92556;10/04/2025;10/04/2025 18:36:24;;;104550;0;0;104550;0;0;0;0;0;-;0;0;0;0;0;;;;0;;0;2;0;0;0;;;;0;;;;;
34;Del Giro;61603000-0;FONASA - FONDO NACIONAL DE SALUD;92563;10/04/2025;10/04/2025 18:36:27;;;11950;0;0;11950;0;0;0;0;0;-;0;0;0;0;;;;;0;;0;2;0;0;0;;;;0;;;;;
34;Del Giro;96572800-7;ISAPRE BANMEDICA;92568;10/04/2025;10/04/2025 18:36:30;;;262494;0;0;262494;0;0;0;0;0;-;0;0;0;0;0;;;;0;;0;2;0;0;0;;;;0;;;;;
34;Del Giro;61603000-0;FONASA - FONDO NACIONAL DE SALUD;92566;10/04/2025;10/04/2025 18:36:29;;;1856330;0;0;1856330;0;0;0;0;0;-;0;0;0;0;;;;;0;;0;2;0;0;0;;;;0;;;;;
34;Del Giro;61603000-0;FONASA - FONDO NACIONAL DE SALUD;92574;10/04/2025;10/04/2025 18:36:32;;;7299534;0;0;7299534;0;0;0;0;0;-;0;0;0;0;;;;;0;;0;2;0;0;0;;;;0;;;;;
34;Del Giro;61603000-0;FONASA - FONDO NACIONAL DE SALUD;92572;10/04/2025;10/04/2025 18:36:31;;;209899;0;0;209899;0;0;0;0;0;-;0;0;0;0;;;;;0;;0;2;0;0;0;;;;0;;;;;
34;Del Giro;96502530-8;ISAPRE VIDA TRES;92570;10/04/2025;10/04/2025 18:36:31;;;121274;0;0;121274;0;0;0;0;0;-;0;0;0;0;0;;;;0;;0;2;0;0;0;;;;0;;;;;
34;Del Giro;61603000-0;FONASA - FONDO NACIONAL DE SALUD;92575;10/04/2025;10/04/2025 18:56:39;;;726810;0;0;726810;0;0;0;0;0;-;0;0;0;0;;;;;0;;0;2;0;0;0;;;;0;;;;;
34;Del Giro;76334370-7;ISALUD ISAPRE DE CODELCO LTDA;92576;10/04/2025;10/04/2025 18:56:39;;;60088;0;0;60088;0;0;0;0;0;-;0;0;0;0;0;;;;0;;0;2;0;0;0;;;;0;;;;;
34;Del Giro;76296619-0;COLMENA GOLDEN CROSS SA.;92605;11/04/2025;11/04/2025 16:52:01;;;66876;0;0;66876;0;0;0;0;0;-;0;0;0;0;0;;;;0;;0;2;0;0;0;;;;0;;;;;
34;Del Giro;61603000-0;FONASA - FONDO NACIONAL DE SALUD;92617;11/04/2025;11/04/2025 16:52:03;;;1144190;0;0;1144190;0;0;0;0;0;-;0;0;0;0;;;;;0;;0;2;0;0;0;;;;0;;;;;
34;Del Giro;61603000-0;FONASA - FONDO NACIONAL DE SALUD;92618;11/04/2025;11/04/2025 16:52:03;;;59750;0;0;59750;0;0;0;0;0;-;0;0;0;0;;;;;0;;0;2;0;0;0;;;;0;;;;;
34;Del Giro;96856780-2;ISAPRE CONSALUD;92606;11/04/2025;11/04/2025 16:52:01;;;230314;0;0;230314;0;0;0;0;0;-;0;0;0;0;0;;;;0;;0;2;0;0;0;;;;0;;;;;
34;Del Giro;96501450-0;ISAPRE CRUZ BLANCA;92609;11/04/2025;11/04/2025 16:52:02;;;200230;0;0;200230;0;0;0;0;0;-;0;0;0;0;0;;;;0;;0;2;0;0;0;;;;0;;;;;
34;Del Giro;96502530-8;ISAPRE VIDA TRES;92612;11/04/2025;11/04/2025 16:52:02;;;34560;0;0;34560;0;0;0;0;0;-;0;0;0;0;0;;;;0;;0;2;0;0;0;;;;0;;;;;
34;Del Giro;96572800-7;ISAPRE BANMEDICA;92614;11/04/2025;11/04/2025 16:52:03;;;241920;0;0;241920;0;0;0;0;0;-;0;0;0;0;0;;;;0;;0;2;0;0;0;;;;0;;;;;
34;Del Giro;61603000-0;FONASA - FONDO NACIONAL DE SALUD;92595;11/04/2025;11/04/2025 17:09:29;;;9062570;0;0;9062570;0;0;0;0;0;-;0;0;0;0;;;;;0;;0;2;0;0;0;;;;0;;;;;
34;Del Giro;61603000-0;FONASA - FONDO NACIONAL DE SALUD;92620;11/04/2025;11/04/2025 17:09:29;;;9678131;0;0;9678131;0;0;0;0;0;-;0;0;0;0;;;;;0;;0;2;0;0;0;;;;0;;;;;
34;Del Giro;61603000-0;FONASA - FONDO NACIONAL DE SALUD;92628;11/04/2025;11/04/2025 17:33:35;;;13285791;0;0;13285791;0;0;0;0;0;-;0;0;0;0;;;;;0;;0;2;0;0;0;;;;0;;;;;
34;Del Giro;76296619-0;COLMENA GOLDEN CROSS SA.;92578;11/04/2025;11/04/2025 17:38:11;;;181022;0;0;181022;0;0;0;0;0;-;0;0;0;0;0;;;;0;;0;2;0;0;0;;;;0;;;;;
34;Del Giro;76334370-7;ISALUD ISAPRE DE CODELCO LTDA;92577;11/04/2025;11/04/2025 17:38:11;;;82244;0;0;82244;0;0;0;0;0;-;0;0;0;0;0;;;;0;;0;2;0;0;0;;;;0;;;;;
34;Del Giro;96572800-7;ISAPRE BANMEDICA;92579;11/04/2025;11/04/2025 17:38:12;;;207360;0;0;207360;0;0;0;0;0;-;0;0;0;0;0;;;;0;;0;2;0;0;0;;;;0;;;;;
34;Del Giro;96501450-0;ISAPRE CRUZ BLANCA;92582;11/04/2025;11/04/2025 17:38:13;;;209100;0;0;209100;0;0;0;0;0;-;0;0;0;0;0;;;;0;;0;2;0;0;0;;;;0;;;;;
34;Del Giro;96856780-2;ISAPRE CONSALUD;92584;11/04/2025;11/04/2025 17:38:13;;;32902;0;0;32902;0;0;0;0;0;-;0;0;0;0;0;;;;0;;0;2;0;0;0;;;;0;;;;;
34;Del Giro;96856780-2;ISAPRE CONSALUD;92581;11/04/2025;11/04/2025 17:38:12;;;390692;0;0;390692;0;0;0;0;0;-;0;0;0;0;0;;;;0;;0;2;0;0;0;;;;0;;;;;
34;Del Giro;96856780-2;ISAPRE CONSALUD;92592;11/04/2025;11/04/2025 17:38:16;;;263216;0;0;263216;0;0;0;0;0;-;0;0;0;0;0;;;;0;;0;2;0;0;0;;;;0;;;;;
34;Del Giro;96572800-7;ISAPRE BANMEDICA;92589;11/04/2025;11/04/2025 17:38:15;;;283978;0;0;283978;0;0;0;0;0;-;0;0;0;0;0;;;;0;;0;2;0;0;0;;;;0;;;;;
34;Del Giro;76296619-0;COLMENA GOLDEN CROSS SA.;92583;11/04/2025;11/04/2025 17:38:13;;;1535220;0;0;1535220;0;0;0;0;0;-;0;0;0;0;0;;;;0;;0;2;0;0;0;;;;0;;;;;
34;Del Giro;61603000-0;FONASA - FONDO NACIONAL DE SALUD;92586;11/04/2025;11/04/2025 17:38:14;;;23900;0;0;23900;0;0;0;0;0;-;0;0;0;0;;;;;0;;0;2;0;0;0;;;;0;;;;;
34;Del Giro;61608408-9;HOSPITAL CALVO MACKENA;92585;11/04/2025;11/04/2025 17:38:13;;;150000;0;0;150000;0;0;0;0;0;-;0;0;0;0;;;;;0;;0;2;0;0;0;;;;0;;;;;
34;Del Giro;76296619-0;COLMENA GOLDEN CROSS SA.;92580;11/04/2025;11/04/2025 17:38:12;;;69886;0;0;69886;0;0;0;0;0;-;0;0;0;0;0;;;;0;;0;2;0;0;0;;;;0;;;;;
34;Del Giro;71235700-2;ISAPRE FUNDACION;92591;11/04/2025;11/04/2025 17:38:15;;;143040;0;0;143040;0;0;0;0;0;-;0;0;0;0;0;;;;0;;0;2;0;0;0;;;;0;;;;;
34;Del Giro;96501450-0;ISAPRE CRUZ BLANCA;92597;11/04/2025;11/04/2025 17:38:17;;;2601611;0;0;2601611;0;0;0;0;0;-;0;0;0;0;0;;;;0;;0;2;0;0;0;;;;0;;;;;
34;Del Giro;61603000-0;FONASA - FONDO NACIONAL DE SALUD;92588;11/04/2025;11/04/2025 17:38:14;;;1318750;0;0;1318750;0;0;0;0;0;-;0;0;0;0;;;;;0;;0;2;0;0;0;;;;0;;;;;
34;Del Giro;96856780-2;ISAPRE CONSALUD;92587;11/04/2025;11/04/2025 17:38:14;;;1118668;0;0;1118668;0;0;0;0;0;-;0;0;0;0;0;;;;0;;0;2;0;0;0;;;;0;;;;;
34;Del Giro;96501450-0;ISAPRE CRUZ BLANCA;92593;11/04/2025;11/04/2025 17:38:16;;;316382;0;0;316382;0;0;0;0;0;-;0;0;0;0;0;;;;0;;0;2;0;0;0;;;;0;;;;;
34;Del Giro;61603000-0;FONASA - FONDO NACIONAL DE SALUD;92608;11/04/2025;11/04/2025 17:38:20;;;983580;0;0;983580;0;0;0;0;0;-;0;0;0;0;;;;;0;;0;2;0;0;0;;;;0;;;;;
34;Del Giro;96572800-7;ISAPRE BANMEDICA;92604;11/04/2025;11/04/2025 17:38:20;;;1940896;0;0;1940896;0;0;0;0;0;-;0;0;0;0;0;;;;0;;0;2;0;0;0;;;;0;;;;;
34;Del Giro;61603000-0;FONASA - FONDO NACIONAL DE SALUD;92615;11/04/2025;11/04/2025 17:38:22;;;684825;0;0;684825;0;0;0;0;0;-;0;0;0;0;;;;;0;;0;2;0;0;0;;;;0;;;;;
34;Del Giro;61603000-0;FONASA - FONDO NACIONAL DE SALUD;92611;11/04/2025;11/04/2025 17:38:21;;;314854;0;0;314854;0;0;0;0;0;-;0;0;0;0;;;;;0;;0;2;0;0;0;;;;0;;;;;
34;Del Giro;61603000-0;FONASA - FONDO NACIONAL DE SALUD;92598;11/04/2025;11/04/2025 17:38:17;;;11050;0;0;11050;0;0;0;0;0;-;0;0;0;0;;;;;0;;0;2;0;0;0;;;;0;;;;;
34;Del Giro;61603000-0;FONASA - FONDO NACIONAL DE SALUD;92610;11/04/2025;11/04/2025 17:38:21;;;564020;0;0;564020;0;0;0;0;0;-;0;0;0;0;;;;;0;;0;2;0;0;0;;;;0;;;;;
34;Del Giro;61603000-0;FONASA - FONDO NACIONAL DE SALUD;92613;11/04/2025;11/04/2025 17:38:22;;;723505;0;0;723505;0;0;0;0;0;-;0;0;0;0;;;;;0;;0;2;0;0;0;;;;0;;;;;
34;Del Giro;96502530-8;ISAPRE VIDA TRES;92600;11/04/2025;11/04/2025 17:38:18;;;1042878;0;0;1042878;0;0;0;0;0;-;0;0;0;0;0;;;;0;;0;2;0;0;0;;;;0;;;;;
34;Del Giro;61603000-0;FONASA - FONDO NACIONAL DE SALUD;92607;11/04/2025;11/04/2025 17:38:20;;;564020;0;0;564020;0;0;0;0;0;-;0;0;0;0;;;;;0;;0;2;0;0;0;;;;0;;;;;
34;Del Giro;61603000-0;FONASA - FONDO NACIONAL DE SALUD;92616;11/04/2025;11/04/2025 17:38:22;;;565895;0;0;565895;0;0;0;0;0;-;0;0;0;0;;;;;0;;0;2;0;0;0;;;;0;;;;;
34;Del Giro;76296619-0;COLMENA GOLDEN CROSS SA.;92590;11/04/2025;11/04/2025 17:38:15;;;182992;0;0;182992;0;0;0;0;0;-;0;0;0;0;0;;;;0;;0;2;0;0;0;;;;0;;;;;
34;Del Giro;96502530-8;ISAPRE VIDA TRES;92602;11/04/2025;11/04/2025 17:38:19;;;34560;0;0;34560;0;0;0;0;0;-;0;0;0;0;0;;;;0;;0;2;0;0;0;;;;0;;;;;
34;Del Giro;61603000-0;FONASA - FONDO NACIONAL DE SALUD;92601;11/04/2025;11/04/2025 17:38:19;;;300910;0;0;300910;0;0;0;0;0;-;0;0;0;0;;;;;0;;0;2;0;0;0;;;;0;;;;;
34;Del Giro;76334370-7;ISALUD ISAPRE DE CODELCO LTDA;92594;11/04/2025;11/04/2025 17:38:16;;;39294;0;0;39294;0;0;0;0;0;-;0;0;0;0;0;;;;0;;0;2;0;0;0;;;;0;;;;;
34;Del Giro;96572800-7;ISAPRE BANMEDICA;92603;11/04/2025;11/04/2025 17:38:19;;;138240;0;0;138240;0;0;0;0;0;-;0;0;0;0;0;;;;0;;0;2;0;0;0;;;;0;;;;;
34;Del Giro;96502530-8;ISAPRE VIDA TRES;92596;11/04/2025;11/04/2025 17:38:17;;;69120;0;0;69120;0;0;0;0;0;-;0;0;0;0;0;;;;0;;0;2;0;0;0;;;;0;;;;;
34;Del Giro;96501450-0;ISAPRE CRUZ BLANCA;92599;11/04/2025;11/04/2025 17:38:18;;;45604;0;0;45604;0;0;0;0;0;-;0;0;0;0;0;;;;0;;0;2;0;0;0;;;;0;;;;;
34;Del Giro;96856780-2;ISAPRE CONSALUD;92623;11/04/2025;11/04/2025 17:38:24;;;851676;0;0;851676;0;0;0;0;0;-;0;0;0;0;0;;;;0;;0;2;0;0;0;;;;0;;;;;
34;Del Giro;96572800-7;ISAPRE BANMEDICA;92629;11/04/2025;11/04/2025 17:38:26;;;1891368;0;0;1891368;0;0;0;0;0;-;0;0;0;0;0;;;;0;;0;2;0;0;0;;;;0;;;;;
34;Del Giro;96856780-2;ISAPRE CONSALUD;92621;11/04/2025;11/04/2025 17:38:23;;;851676;0;0;851676;0;0;0;0;0;-;0;0;0;0;0;;;;0;;0;2;0;0;0;;;;0;;;;;
34;Del Giro;96856780-2;ISAPRE CONSALUD;92622;11/04/2025;11/04/2025 17:38:24;;;851676;0;0;851676;0;0;0;0;0;-;0;0;0;0;0;;;;0;;0;2;0;0;0;;;;0;;;;;
34;Del Giro;96856780-2;ISAPRE CONSALUD;92624;11/04/2025;11/04/2025 17:38:24;;;1690326;0;0;1690326;0;0;0;0;0;-;0;0;0;0;0;;;;0;;0;2;0;0;0;;;;0;;;;;
34;Del Giro;96856780-2;ISAPRE CONSALUD;92627;11/04/2025;11/04/2025 17:38:25;;;813796;0;0;813796;0;0;0;0;0;-;0;0;0;0;0;;;;0;;0;2;0;0;0;;;;0;;;;;
34;Del Giro;96856780-2;ISAPRE CONSALUD;92625;11/04/2025;11/04/2025 17:38:25;;;2390396;0;0;2390396;0;0;0;0;0;-;0;0;0;0;0;;;;0;;0;2;0;0;0;;;;0;;;;;
34;Del Giro;96936100-0;Esencial S.A;92619;11/04/2025;11/04/2025 17:38:23;;;36575;0;0;36575;0;0;0;0;0;-;0;0;0;0;0;;;;0;;0;2;0;0;0;;;;0;;;;;
34;Del Giro;76296619-0;COLMENA GOLDEN CROSS SA.;92626;11/04/2025;11/04/2025 17:38:25;;;1395887;0;0;1395887;0;0;0;0;0;-;0;0;0;0;0;;;;0;;0;2;0;0;0;;;;0;;;;;
34;Del Giro;96501450-0;ISAPRE CRUZ BLANCA;92632;14/04/2025;14/04/2025 18:12:27;;;313650;0;0;313650;0;0;0;0;0;-;0;0;0;0;0;;;;0;;0;2;0;0;0;;;;0;;;;;
34;Del Giro;96502530-8;ISAPRE VIDA TRES;92633;14/04/2025;14/04/2025 18:12:28;;;69120;0;0;69120;0;0;0;0;0;-;0;0;0;0;0;;;;0;;0;2;0;0;0;;;;0;;;;;
34;Del Giro;61603000-0;FONASA - FONDO NACIONAL DE SALUD;92639;14/04/2025;14/04/2025 18:12:29;;;59750;0;0;59750;0;0;0;0;0;-;0;0;0;0;;;;;0;;0;2;0;0;0;;;;0;;;;;
34;Del Giro;76296619-0;COLMENA GOLDEN CROSS SA.;92650;14/04/2025;14/04/2025 18:12:29;;;100314;0;0;100314;0;0;0;0;0;-;0;0;0;0;0;;;;0;;0;2;0;0;0;;;;0;;;;;
34;Del Giro;96856780-2;ISAPRE CONSALUD;92631;14/04/2025;14/04/2025 18:12:27;;;842293;0;0;842293;0;0;0;0;0;-;0;0;0;0;0;;;;0;;0;2;0;0;0;;;;0;;;;;
34;Del Giro;96572800-7;ISAPRE BANMEDICA;92635;14/04/2025;14/04/2025 18:12:28;;;904598;0;0;904598;0;0;0;0;0;-;0;0;0;0;0;;;;0;;0;2;0;0;0;;;;0;;;;;
34;Del Giro;76296619-0;COLMENA GOLDEN CROSS SA.;92630;14/04/2025;14/04/2025 18:12:27;;;678869;0;0;678869;0;0;0;0;0;-;0;0;0;0;0;;;;0;;0;2;0;0;0;;;;0;;;;;
34;Del Giro;96502530-8;ISAPRE VIDA TRES;92655;14/04/2025;14/04/2025 18:12:31;;;94574;0;0;94574;0;0;0;0;0;-;0;0;0;0;0;;;;0;;0;2;0;0;0;;;;0;;;;;
34;Del Giro;61603000-0;FONASA - FONDO NACIONAL DE SALUD;92649;14/04/2025;14/04/2025 18:12:29;;;2994120;0;0;2994120;0;0;0;0;0;-;0;0;0;0;;;;;0;;0;2;0;0;0;;;;0;;;;;
34;Del Giro;96856780-2;ISAPRE CONSALUD;92651;14/04/2025;14/04/2025 18:12:30;;;257500;0;0;257500;0;0;0;0;0;-;0;0;0;0;0;;;;0;;0;2;0;0;0;;;;0;;;;;
34;Del Giro;96572800-7;ISAPRE BANMEDICA;92656;14/04/2025;14/04/2025 18:12:31;;;199820;0;0;199820;0;0;0;0;0;-;0;0;0;0;0;;;;0;;0;2;0;0;0;;;;0;;;;;
34;Del Giro;96501450-0;ISAPRE CRUZ BLANCA;92653;14/04/2025;14/04/2025 18:12:30;;;139400;0;0;139400;0;0;0;0;0;-;0;0;0;0;0;;;;0;;0;2;0;0;0;;;;0;;;;;
34;Del Giro;71235700-2;ISAPRE FUNDACION;92657;14/04/2025;14/04/2025 18:12:32;;;67925;0;0;67925;0;0;0;0;0;-;0;0;0;0;0;;;;0;;0;2;0;0;0;;;;0;;;;;
34;Del Giro;96501450-0;ISAPRE CRUZ BLANCA;92640;14/04/2025;14/04/2025 18:59:12;;;1141564;0;0;1141564;0;0;0;0;0;-;0;0;0;0;0;;;;0;;0;2;0;0;0;;;;0;;;;;
34;Del Giro;96501450-0;ISAPRE CRUZ BLANCA;92634;14/04/2025;14/04/2025 18:59:10;;;1800517;0;0;1800517;0;0;0;0;0;-;0;0;0;0;0;;;;0;;0;2;0;0;0;;;;0;;;;;
34;Del Giro;96856780-2;ISAPRE CONSALUD;92646;14/04/2025;14/04/2025 18:59:14;;;670556;0;0;670556;0;0;0;0;0;-;0;0;0;0;0;;;;0;;0;2;0;0;0;;;;0;;;;;
34;Del Giro;96501450-0;ISAPRE CRUZ BLANCA;92637;14/04/2025;14/04/2025 18:59:11;;;365119;0;0;365119;0;0;0;0;0;-;0;0;0;0;0;;;;0;;0;2;0;0;0;;;;0;;;;;
34;Del Giro;96501450-0;ISAPRE CRUZ BLANCA;92638;14/04/2025;14/04/2025 18:59:11;;;411186;0;0;411186;0;0;0;0;0;-;0;0;0;0;0;;;;0;;0;2;0;0;0;;;;0;;;;;
34;Del Giro;96501450-0;ISAPRE CRUZ BLANCA;92636;14/04/2025;14/04/2025 18:59:10;;;1423731;0;0;1423731;0;0;0;0;0;-;0;0;0;0;0;;;;0;;0;2;0;0;0;;;;0;;;;;
34;Del Giro;96501450-0;ISAPRE CRUZ BLANCA;92642;14/04/2025;14/04/2025 18:59:12;;;1013748;0;0;1013748;0;0;0;0;0;-;0;0;0;0;0;;;;0;;0;2;0;0;0;;;;0;;;;;
34;Del Giro;76334370-7;ISALUD ISAPRE DE CODELCO LTDA;92658;14/04/2025;14/04/2025 18:59:15;;;606858;0;0;606858;0;0;0;0;0;-;0;0;0;0;0;;;;0;;0;2;0;0;0;;;;0;;;;;
34;Del Giro;96501450-0;ISAPRE CRUZ BLANCA;92641;14/04/2025;14/04/2025 18:59:12;;;1374291;0;0;1374291;0;0;0;0;0;-;0;0;0;0;0;;;;0;;0;2;0;0;0;;;;0;;;;;
34;Del Giro;96502530-8;ISAPRE VIDA TRES;92648;14/04/2025;14/04/2025 18:59:15;;;103680;0;0;103680;0;0;0;0;0;-;0;0;0;0;0;;;;0;;0;2;0;0;0;;;;0;;;;;
34;Del Giro;96502530-8;ISAPRE VIDA TRES;92663;14/04/2025;14/04/2025 18:59:17;;;2362253;0;0;2362253;0;0;0;0;0;-;0;0;0;0;0;;;;0;;0;2;0;0;0;;;;0;;;;;
34;Del Giro;96572800-7;ISAPRE BANMEDICA;92662;14/04/2025;14/04/2025 18:59:17;;;1243610;0;0;1243610;0;0;0;0;0;-;0;0;0;0;0;;;;0;;0;2;0;0;0;;;;0;;;;;
34;Del Giro;76296619-0;COLMENA GOLDEN CROSS SA.;92644;14/04/2025;14/04/2025 18:59:13;;;598570;0;0;598570;0;0;0;0;0;-;0;0;0;0;0;;;;0;;0;2;0;0;0;;;;0;;;;;
34;Del Giro;76296619-0;COLMENA GOLDEN CROSS SA.;92660;14/04/2025;14/04/2025 18:59:16;;;364479;0;0;364479;0;0;0;0;0;-;0;0;0;0;0;;;;0;;0;2;0;0;0;;;;0;;;;;
34;Del Giro;96572800-7;ISAPRE BANMEDICA;92643;14/04/2025;14/04/2025 18:59:13;;;714790;0;0;714790;0;0;0;0;0;-;0;0;0;0;0;;;;0;;0;2;0;0;0;;;;0;;;;;
34;Del Giro;96501450-0;ISAPRE CRUZ BLANCA;92647;14/04/2025;14/04/2025 18:59:14;;;319228;0;0;319228;0;0;0;0;0;-;0;0;0;0;0;;;;0;;0;2;0;0;0;;;;0;;;;;
34;Del Giro;96572800-7;ISAPRE BANMEDICA;92673;14/04/2025;14/04/2025 18:59:21;;;1201833;0;0;1201833;0;0;0;0;0;-;0;0;0;0;0;;;;0;;0;2;0;0;0;;;;0;;;;;
34;Del Giro;96501450-0;ISAPRE CRUZ BLANCA;92666;14/04/2025;14/04/2025 18:59:18;;;228020;0;0;228020;0;0;0;0;0;-;0;0;0;0;0;;;;0;;0;2;0;0;0;;;;0;;;;;
34;Del Giro;96502530-8;ISAPRE VIDA TRES;92672;14/04/2025;14/04/2025 18:59:20;;;599517;0;0;599517;0;0;0;0;0;-;0;0;0;0;0;;;;0;;0;2;0;0;0;;;;0;;;;;
34;Del Giro;96856780-2;ISAPRE CONSALUD;92671;14/04/2025;14/04/2025 18:59:20;;;1611458;0;0;1611458;0;0;0;0;0;-;0;0;0;0;0;;;;0;;0;2;0;0;0;;;;0;;;;;
34;Del Giro;76296619-0;COLMENA GOLDEN CROSS SA.;92659;14/04/2025;14/04/2025 18:59:15;;;4000490;0;0;4000490;0;0;0;0;0;-;0;0;0;0;0;;;;0;;0;2;0;0;0;;;;0;;;;;
34;Del Giro;96502530-8;ISAPRE VIDA TRES;92669;14/04/2025;14/04/2025 18:59:19;;;1532751;0;0;1532751;0;0;0;0;0;-;0;0;0;0;0;;;;0;;0;2;0;0;0;;;;0;;;;;
34;Del Giro;71235700-2;ISAPRE FUNDACION;92665;14/04/2025;14/04/2025 18:59:18;;;95360;0;0;95360;0;0;0;0;0;-;0;0;0;0;0;;;;0;;0;2;0;0;0;;;;0;;;;;
34;Del Giro;96572800-7;ISAPRE BANMEDICA;92674;14/04/2025;14/04/2025 18:59:21;;;2328056;0;0;2328056;0;0;0;0;0;-;0;0;0;0;0;;;;0;;0;2;0;0;0;;;;0;;;;;
34;Del Giro;96856780-2;ISAPRE CONSALUD;92664;14/04/2025;14/04/2025 18:59:17;;;2958789;0;0;2958789;0;0;0;0;0;-;0;0;0;0;0;;;;0;;0;2;0;0;0;;;;0;;;;;
34;Del Giro;96502530-8;ISAPRE VIDA TRES;92668;14/04/2025;14/04/2025 18:59:19;;;69120;0;0;69120;0;0;0;0;0;-;0;0;0;0;0;;;;0;;0;2;0;0;0;;;;0;;;;;
34;Del Giro;96501450-0;ISAPRE CRUZ BLANCA;92667;14/04/2025;14/04/2025 18:59:18;;;2336718;0;0;2336718;0;0;0;0;0;-;0;0;0;0;0;;;;0;;0;2;0;0;0;;;;0;;;;;
34;Del Giro;96856780-2;ISAPRE CONSALUD;92661;14/04/2025;14/04/2025 18:59:16;;;394824;0;0;394824;0;0;0;0;0;-;0;0;0;0;0;;;;0;;0;2;0;0;0;;;;0;;;;;
34;Del Giro;96572800-7;ISAPRE BANMEDICA;92670;14/04/2025;14/04/2025 18:59:20;;;311040;0;0;311040;0;0;0;0;0;-;0;0;0;0;0;;;;0;;0;2;0;0;0;;;;0;;;;;
34;Del Giro;61603000-0;FONASA - FONDO NACIONAL DE SALUD;92645;14/04/2025;14/04/2025 19:04:25;;;428020;0;0;428020;0;0;0;0;0;-;0;0;0;0;0;;;;0;;0;2;0;0;0;;;;0;;;;;
34;Del Giro;61603000-0;FONASA - FONDO NACIONAL DE SALUD;92652;14/04/2025;14/04/2025 19:04:25;;;11950;0;0;11950;0;0;0;0;0;-;0;0;0;0;;;;;0;;0;2;0;0;0;;;;0;;;;;
34;Del Giro;61603000-0;FONASA - FONDO NACIONAL DE SALUD;92654;14/04/2025;14/04/2025 19:04:25;;;1564580;0;0;1564580;0;0;0;0;0;-;0;0;0;0;;;;;0;;0;2;0;0;0;;;;0;;;;;
34;Del Giro;61603000-0;FONASA - FONDO NACIONAL DE SALUD;92675;14/04/2025;14/04/2025 19:04:26;;;838940;0;0;838940;0;0;0;0;0;-;0;0;0;0;;;;;0;;0;2;0;0;0;;;;0;;;;;
34;Del Giro;61603000-0;FONASA - FONDO NACIONAL DE SALUD;92682;15/04/2025;15/04/2025 17:54:06;;;1185500;0;0;1185500;0;0;0;0;0;-;0;0;0;0;;;;;0;;0;2;0;0;0;;;;0;;;;;
34;Del Giro;61603000-0;FONASA - FONDO NACIONAL DE SALUD;92681;15/04/2025;15/04/2025 17:54:06;;;1235290;0;0;1235290;0;0;0;0;0;-;0;0;0;0;;;;;0;;0;2;0;0;0;;;;0;;;;;
34;Del Giro;61603000-0;FONASA - FONDO NACIONAL DE SALUD;92685;15/04/2025;15/04/2025 17:54:07;;;1235290;0;0;1235290;0;0;0;0;0;-;0;0;0;0;;;;;0;;0;2;0;0;0;;;;0;;;;;
34;Del Giro;61603000-0;FONASA - FONDO NACIONAL DE SALUD;92680;15/04/2025;15/04/2025 17:54:05;;;1235290;0;0;1235290;0;0;0;0;0;-;0;0;0;0;;;;;0;;0;2;0;0;0;;;;0;;;;;
34;Del Giro;61603000-0;FONASA - FONDO NACIONAL DE SALUD;92687;15/04/2025;15/04/2025 17:54:07;;;2319280;0;0;2319280;0;0;0;0;0;-;0;0;0;0;;;;;0;;0;2;0;0;0;;;;0;;;;;
34;Del Giro;61603000-0;FONASA - FONDO NACIONAL DE SALUD;92677;15/04/2025;15/04/2025 17:54:05;;;694325;0;0;694325;0;0;0;0;0;-;0;0;0;0;;;;;0;;0;2;0;0;0;;;;0;;;;;
34;Del Giro;61603000-0;FONASA - FONDO NACIONAL DE SALUD;92679;15/04/2025;15/04/2025 17:54:05;;;1185500;0;0;1185500;0;0;0;0;0;-;0;0;0;0;;;;;0;;0;2;0;0;0;;;;0;;;;;
34;Del Giro;96856780-2;ISAPRE CONSALUD;92689;15/04/2025;15/04/2025 17:54:08;;;1077561;0;0;1077561;0;0;0;0;0;-;0;0;0;0;0;;;;0;;0;2;0;0;0;;;;0;;;;;
34;Del Giro;61603000-0;FONASA - FONDO NACIONAL DE SALUD;92683;15/04/2025;15/04/2025 17:54:06;;;1235290;0;0;1235290;0;0;0;0;0;-;0;0;0;0;;;;;0;;0;2;0;0;0;;;;0;;;;;
34;Del Giro;61603000-0;FONASA - FONDO NACIONAL DE SALUD;92684;15/04/2025;15/04/2025 17:54:07;;;1235290;0;0;1235290;0;0;0;0;0;-;0;0;0;0;;;;;0;;0;2;0;0;0;;;;0;;;;;
34;Del Giro;76111199-K;INVERSIONES GO TRADE S.A.;92699;15/04/2025;15/04/2025 18:02:50;;;397347;0;0;397347;0;0;0;0;0;-;0;0;0;0;0;;;;0;;0;2;0;0;0;;;;0;;;;;
34;Del Giro;61103005-3;FUERZA AEREA DE CHILE-DIV.D/SA;92700;15/04/2025;15/04/2025 18:52:05;17/04/2025 08:37:57;;1667960;0;0;1667960;0;0;0;0;0;-;0;0;0;0;0;;;;0;;0;2;0;0;0;;;;0;;;;;
34;Del Giro;61103005-3;FUERZA AEREA DE CHILE-DIV.D/SA;92703;15/04/2025;15/04/2025 18:52:07;17/04/2025 08:37:57;;404000;0;0;404000;0;0;0;0;0;-;0;0;0;0;0;;;;0;;0;2;0;0;0;;;;0;;;;;
34;Del Giro;61103005-3;FUERZA AEREA DE CHILE-DIV.D/SA;92701;15/04/2025;15/04/2025 18:52:06;17/04/2025 08:37:58;;3111000;0;0;3111000;0;0;0;0;0;-;0;0;0;0;0;;;;0;;0;2;0;0;0;;;;0;;;;;
34;Del Giro;61103005-3;FUERZA AEREA DE CHILE-DIV.D/SA;92702;15/04/2025;15/04/2025 18:52:07;17/04/2025 08:37:58;;300000;0;0;300000;0;0;0;0;0;-;0;0;0;0;0;;;;0;;0;2;0;0;0;;;;0;;;;;
34;Del Giro;61603000-0;FONASA - FONDO NACIONAL DE SALUD;92676;15/04/2025;15/04/2025 19:00:45;;;35850;0;0;35850;0;0;0;0;0;-;0;0;0;0;;;;;0;;0;2;0;0;0;;;;0;;;;;
34;Del Giro;69070301-7;CORP. DE DESARROLLO SOCIAL DE PROVIDENCIA;92690;15/04/2025;15/04/2025 19:00:47;;;994500;0;0;994500;0;0;0;0;0;-;0;0;0;0;0;;;;0;;0;2;0;0;0;;;;0;;;;;
34;Del Giro;96856780-2;ISAPRE CONSALUD;92691;15/04/2025;15/04/2025 19:00:47;;;313444;0;0;313444;0;0;0;0;0;-;0;0;0;0;0;;;;0;;0;2;0;0;0;;;;0;;;;;
34;Del Giro;61603000-0;FONASA - FONDO NACIONAL DE SALUD;92678;15/04/2025;15/04/2025 19:00:46;;;10977776;0;0;10977776;0;0;0;0;0;-;0;0;0;0;;;;;0;;0;2;0;0;0;;;;0;;;;;
34;Del Giro;69070301-7;CORP. DE DESARROLLO SOCIAL DE PROVIDENCIA;92698;15/04/2025;15/04/2025 19:00:51;;;867000;0;0;867000;0;0;0;0;0;-;0;0;0;0;0;;;;0;;0;2;0;0;0;;;;0;;;;;
34;Del Giro;76296619-0;COLMENA GOLDEN CROSS SA.;92692;15/04/2025;15/04/2025 19:00:48;;;961906;0;0;961906;0;0;0;0;0;-;0;0;0;0;0;;;;0;;0;2;0;0;0;;;;0;;;;;
34;Del Giro;69070301-7;CORP. DE DESARROLLO SOCIAL DE PROVIDENCIA;92688;15/04/2025;15/04/2025 19:00:47;;;2244000;0;0;2244000;0;0;0;0;0;-;0;0;0;0;0;;;;0;;0;2;0;0;0;;;;0;;;;;
34;Del Giro;69070301-7;CORP. DE DESARROLLO SOCIAL DE PROVIDENCIA;92694;15/04/2025;15/04/2025 19:00:49;;;1963500;0;0;1963500;0;0;0;0;0;-;0;0;0;0;0;;;;0;;0;2;0;0;0;;;;0;;;;;
34;Del Giro;96572800-7;ISAPRE BANMEDICA;92695;15/04/2025;15/04/2025 19:00:49;;;1378583;0;0;1378583;0;0;0;0;0;-;0;0;0;0;0;;;;0;;0;2;0;0;0;;;;0;;;;;
34;Del Giro;69070301-7;CORP. DE DESARROLLO SOCIAL DE PROVIDENCIA;92686;15/04/2025;15/04/2025 19:00:46;;;1045500;0;0;1045500;0;0;0;0;0;-;0;0;0;0;0;;;;0;;0;2;0;0;0;;;;0;;;;;
34;Del Giro;61603000-0;FONASA - FONDO NACIONAL DE SALUD;92697;15/04/2025;15/04/2025 19:00:50;;;8718975;0;0;8718975;0;0;0;0;0;-;0;0;0;0;;;;;0;;0;2;0;0;0;;;;0;;;;;
34;Del Giro;96572800-7;ISAPRE BANMEDICA;92693;15/04/2025;15/04/2025 19:00:48;;;1265500;0;0;1265500;0;0;0;0;0;-;0;0;0;0;0;;;;0;;0;2;0;0;0;;;;0;;;;;
34;Del Giro;69070301-7;CORP. DE DESARROLLO SOCIAL DE PROVIDENCIA;92696;15/04/2025;15/04/2025 19:00:50;;;408000;0;0;408000;0;0;0;0;0;-;0;0;0;0;0;;;;0;;0;2;0;0;0;;;;0;;;;;
34;Del Giro;61603000-0;FONASA - FONDO NACIONAL DE SALUD;92716;16/04/2025;16/04/2025 10:06:04;;;428020;0;0;428020;0;0;0;0;0;-;0;0;0;0;;;;;0;;0;2;0;0;0;;;;0;;;;;
34;Del Giro;61103005-3;FUERZA AEREA DE CHILE-DIV.D/SA;92736;16/04/2025;16/04/2025 17:52:17;17/04/2025 08:37:57;;50000;0;0;50000;0;0;0;0;0;-;0;0;0;0;0;;;;0;;0;2;0;0;0;;;;0;;;;;
34;Del Giro;96501450-0;ISAPRE CRUZ BLANCA;92707;16/04/2025;16/04/2025 18:07:51;;;322086;0;0;322086;0;0;0;0;0;-;0;0;0;0;0;;;;0;;0;2;0;0;0;;;;0;;;;;
34;Del Giro;96856780-2;ISAPRE CONSALUD;92729;16/04/2025;16/04/2025 18:07:53;;;1218124;0;0;1218124;0;0;0;0;0;-;0;0;0;0;0;;;;0;;0;2;0;0;0;;;;0;;;;;
34;Del Giro;61603000-0;FONASA - FONDO NACIONAL DE SALUD;92717;16/04/2025;16/04/2025 18:07:53;;;1030310;0;0;1030310;0;0;0;0;0;-;0;0;0;0;;;;;0;;0;2;0;0;0;;;;0;;;;;
34;Del Giro;96502530-8;ISAPRE VIDA TRES;92709;16/04/2025;16/04/2025 18:07:51;;;34560;0;0;34560;0;0;0;0;0;-;0;0;0;0;0;;;;0;;0;2;0;0;0;;;;0;;;;;
34;Del Giro;61603000-0;FONASA - FONDO NACIONAL DE SALUD;92713;16/04/2025;16/04/2025 18:07:52;;;47800;0;0;47800;0;0;0;0;0;-;0;0;0;0;;;;;0;;0;2;0;0;0;;;;0;;;;;
34;Del Giro;76296619-0;COLMENA GOLDEN CROSS SA.;92705;16/04/2025;16/04/2025 18:07:50;;;244601;0;0;244601;0;0;0;0;0;-;0;0;0;0;0;;;;0;;0;2;0;0;0;;;;0;;;;;
34;Del Giro;96856780-2;ISAPRE CONSALUD;92706;16/04/2025;16/04/2025 18:07:51;;;259084;0;0;259084;0;0;0;0;0;-;0;0;0;0;0;;;;0;;0;2;0;0;0;;;;0;;;;;
34;Del Giro;61603000-0;FONASA - FONDO NACIONAL DE SALUD;92746;16/04/2025;16/04/2025 18:07:54;;;1235290;0;0;1235290;0;0;0;0;0;-;0;0;0;0;;;;;0;;0;2;0;0;0;;;;0;;;;;
34;Del Giro;61603000-0;FONASA - FONDO NACIONAL DE SALUD;92747;16/04/2025;16/04/2025 18:07:54;;;1235290;0;0;1235290;0;0;0;0;0;-;0;0;0;0;;;;;0;;0;2;0;0;0;;;;0;;;;;
34;Del Giro;61603000-0;FONASA - FONDO NACIONAL DE SALUD;92745;16/04/2025;16/04/2025 18:07:53;;;1235290;0;0;1235290;0;0;0;0;0;-;0;0;0;0;;;;;0;;0;2;0;0;0;;;;0;;;;;
34;Del Giro;61603000-0;FONASA - FONDO NACIONAL DE SALUD;92749;16/04/2025;16/04/2025 18:07:55;;;1235290;0;0;1235290;0;0;0;0;0;-;0;0;0;0;;;;;0;;0;2;0;0;0;;;;0;;;;;
34;Del Giro;61603000-0;FONASA - FONDO NACIONAL DE SALUD;92752;16/04/2025;16/04/2025 18:07:56;;;1235290;0;0;1235290;0;0;0;0;0;-;0;0;0;0;;;;;0;;0;2;0;0;0;;;;0;;;;;
34;Del Giro;61603000-0;FONASA - FONDO NACIONAL DE SALUD;92751;16/04/2025;16/04/2025 18:07:56;;;1235290;0;0;1235290;0;0;0;0;0;-;0;0;0;0;;;;;0;;0;2;0;0;0;;;;0;;;;;
34;Del Giro;61603000-0;FONASA - FONDO NACIONAL DE SALUD;92748;16/04/2025;16/04/2025 18:07:55;;;849820;0;0;849820;0;0;0;0;0;-;0;0;0;0;;;;;0;;0;2;0;0;0;;;;0;;;;;
34;Del Giro;61603000-0;FONASA - FONDO NACIONAL DE SALUD;92743;16/04/2025;16/04/2025 18:07:53;;;1235290;0;0;1235290;0;0;0;0;0;-;0;0;0;0;;;;;0;;0;2;0;0;0;;;;0;;;;;
34;Del Giro;61603000-0;FONASA - FONDO NACIONAL DE SALUD;92750;16/04/2025;16/04/2025 18:07:55;;;1235290;0;0;1235290;0;0;0;0;0;-;0;0;0;0;;;;;0;;0;2;0;0;0;;;;0;;;;;
34;Del Giro;96572800-7;ISAPRE BANMEDICA;92710;16/04/2025;16/04/2025 18:07:52;;;579980;0;0;579980;0;0;0;0;0;-;0;0;0;0;0;;;;0;;0;2;0;0;0;;;;0;;;;;
34;Del Giro;96841680-4;IOPA HUERFANOS S.A.;92726;16/04/2025;16/04/2025 18:36:24;17/04/2025 12:50:28;;3831000;0;0;3831000;0;0;0;0;0;-;0;0;0;0;0;;;;0;;0;2;0;0;0;;;;0;;;;;
34;Del Giro;61603000-0;FONASA - FONDO NACIONAL DE SALUD;92735;16/04/2025;16/04/2025 18:36:25;;;382200;0;0;382200;0;0;0;0;0;-;0;0;0;0;;;;;0;;0;2;0;0;0;;;;0;;;;;
34;Del Giro;96841680-4;IOPA HUERFANOS S.A.;92723;16/04/2025;16/04/2025 18:36:22;17/04/2025 12:52:28;;3831000;0;0;3831000;0;0;0;0;0;-;0;0;0;0;0;;;;0;;0;2;0;0;0;;;;0;;;;;
34;Del Giro;96841680-4;IOPA HUERFANOS S.A.;92722;16/04/2025;16/04/2025 18:36:22;17/04/2025 12:52:40;;3831000;0;0;3831000;0;0;0;0;0;-;0;0;0;0;0;;;;0;;0;2;0;0;0;;;;0;;;;;
34;Del Giro;96841680-4;IOPA HUERFANOS S.A.;92724;16/04/2025;16/04/2025 18:36:23;17/04/2025 12:52:09;;3831000;0;0;3831000;0;0;0;0;0;-;0;0;0;0;0;;;;0;;0;2;0;0;0;;;;0;;;;;
34;Del Giro;96841680-4;IOPA HUERFANOS S.A.;92725;16/04/2025;16/04/2025 18:36:23;17/04/2025 12:51:29;;3831000;0;0;3831000;0;0;0;0;0;-;0;0;0;0;0;;;;0;;0;2;0;0;0;;;;0;;;;;
34;Del Giro;61603000-0;FONASA - FONDO NACIONAL DE SALUD;92734;16/04/2025;16/04/2025 18:36:25;;;977730;0;0;977730;0;0;0;0;0;-;0;0;0;0;;;;;0;;0;2;0;0;0;;;;0;;;;;
34;Del Giro;96841680-4;IOPA HUERFANOS S.A.;92727;16/04/2025;16/04/2025 18:36:24;17/04/2025 12:46:20;;3831000;0;0;3831000;0;0;0;0;0;-;0;0;0;0;0;;;;0;;0;2;0;0;0;;;;0;;;;;
34;Del Giro;96841680-4;IOPA HUERFANOS S.A.;92721;16/04/2025;16/04/2025 18:36:21;17/04/2025 12:53:09;;3831000;0;0;3831000;0;0;0;0;0;-;0;0;0;0;0;;;;0;;0;2;0;0;0;;;;0;;;;;
34;Del Giro;61603000-0;FONASA - FONDO NACIONAL DE SALUD;92741;16/04/2025;16/04/2025 18:36:27;;;926840;0;0;926840;0;0;0;0;0;-;0;0;0;0;;;;;0;;0;2;0;0;0;;;;0;;;;;
34;Del Giro;61603000-0;FONASA - FONDO NACIONAL DE SALUD;92744;16/04/2025;16/04/2025 18:36:28;;;159890;0;0;159890;0;0;0;0;0;-;0;0;0;0;;;;;0;;0;2;0;0;0;;;;0;;;;;
34;Del Giro;96572800-7;ISAPRE BANMEDICA;92753;16/04/2025;16/04/2025 18:36:28;;;6236410;0;0;6236410;0;0;0;0;0;-;0;0;0;0;0;;;;0;;0;2;0;0;0;;;;0;;;;;
34;Del Giro;61603000-0;FONASA - FONDO NACIONAL DE SALUD;92738;16/04/2025;16/04/2025 18:36:26;;;573300;0;0;573300;0;0;0;0;0;-;0;0;0;0;;;;;0;;0;2;0;0;0;;;;0;;;;;
34;Del Giro;61603000-0;FONASA - FONDO NACIONAL DE SALUD;92737;16/04/2025;16/04/2025 18:36:25;;;79400;0;0;79400;0;0;0;0;0;-;0;0;0;0;;;;;0;;0;2;0;0;0;;;;0;;;;;
34;Del Giro;61603000-0;FONASA - FONDO NACIONAL DE SALUD;92742;16/04/2025;16/04/2025 18:36:27;;;10992720;0;0;10992720;0;0;0;0;0;-;0;0;0;0;;;;;0;;0;2;0;0;0;;;;0;;;;;
34;Del Giro;61603000-0;FONASA - FONDO NACIONAL DE SALUD;92740;16/04/2025;16/04/2025 18:36:27;;;38220;0;0;38220;0;0;0;0;0;-;0;0;0;0;;;;;0;;0;2;0;0;0;;;;0;;;;;
34;Del Giro;61603000-0;FONASA - FONDO NACIONAL DE SALUD;92720;16/04/2025;16/04/2025 18:38:22;;;212460;0;0;212460;0;0;0;0;0;-;0;0;0;0;;;;;0;;0;2;0;0;0;;;;0;;;;;
34;Del Giro;61603000-0;FONASA - FONDO NACIONAL DE SALUD;92719;16/04/2025;16/04/2025 18:38:22;;;453860;0;0;453860;0;0;0;0;0;-;0;0;0;0;;;;;0;;0;2;0;0;0;;;;0;;;;;
34;Del Giro;76296619-0;COLMENA GOLDEN CROSS SA.;92708;16/04/2025;16/04/2025 18:44:24;;;347982;0;0;347982;0;0;0;0;0;-;0;0;0;0;0;;;;0;;0;2;0;0;0;;;;0;;;;;
34;Del Giro;96572800-7;ISAPRE BANMEDICA;92704;16/04/2025;16/04/2025 18:44:23;;;549966;0;0;549966;0;0;0;0;0;-;0;0;0;0;0;;;;0;;0;2;0;0;0;;;;0;;;;;
34;Del Giro;96856780-2;ISAPRE CONSALUD;92711;16/04/2025;16/04/2025 18:44:24;;;150956;0;0;150956;0;0;0;0;0;-;0;0;0;0;0;;;;0;;0;2;0;0;0;;;;0;;;;;
34;Del Giro;71235700-2;ISAPRE FUNDACION;92715;16/04/2025;16/04/2025 18:44:27;;;47680;0;0;47680;0;0;0;0;0;-;0;0;0;0;0;;;;0;;0;2;0;0;0;;;;0;;;;;
34;Del Giro;96936100-0;Esencial S.A;92714;16/04/2025;16/04/2025 18:44:26;;;105545;0;0;105545;0;0;0;0;0;-;0;0;0;0;0;;;;0;;0;2;0;0;0;;;;0;;;;;
34;Del Giro;96502530-8;ISAPRE VIDA TRES;92718;16/04/2025;16/04/2025 18:44:27;;;145812;0;0;145812;0;0;0;0;0;-;0;0;0;0;0;;;;0;;0;2;0;0;0;;;;0;;;;;
34;Del Giro;96501450-0;ISAPRE CRUZ BLANCA;92712;16/04/2025;16/04/2025 18:44:26;;;239370;0;0;239370;0;0;0;0;0;-;0;0;0;0;0;;;;0;;0;2;0;0;0;;;;0;;;;;
34;Del Giro;96856780-2;ISAPRE CONSALUD;92731;16/04/2025;16/04/2025 18:44:32;;;197412;0;0;197412;0;0;0;0;0;-;0;0;0;0;0;;;;0;;0;2;0;0;0;;;;0;;;;;
34;Del Giro;76296619-0;COLMENA GOLDEN CROSS SA.;92730;16/04/2025;16/04/2025 18:44:32;;;206192;0;0;206192;0;0;0;0;0;-;0;0;0;0;0;;;;0;;0;2;0;0;0;;;;0;;;;;
34;Del Giro;96572800-7;ISAPRE BANMEDICA;92728;16/04/2025;16/04/2025 18:44:31;;;34560;0;0;34560;0;0;0;0;0;-;0;0;0;0;0;;;;0;;0;2;0;0;0;;;;0;;;;;
34;Del Giro;71235700-2;ISAPRE FUNDACION;92733;16/04/2025;16/04/2025 18:44:36;;;36875;0;0;36875;0;0;0;0;0;-;0;0;0;0;0;;;;0;;0;2;0;0;0;;;;0;;;;;
34;Del Giro;96501450-0;ISAPRE CRUZ BLANCA;92739;16/04/2025;16/04/2025 18:44:36;;;154910;0;0;154910;0;0;0;0;0;-;0;0;0;0;0;;;;0;;0;2;0;0;0;;;;0;;;;;
34;Del Giro;96572800-7;ISAPRE BANMEDICA;92757;16/04/2025;16/04/2025 18:44:41;;;1667561;0;0;1667561;0;0;0;0;0;-;0;0;0;0;0;;;;0;;0;2;0;0;0;;;;0;;;;;
34;Del Giro;96572800-7;ISAPRE BANMEDICA;92754;16/04/2025;16/04/2025 18:44:37;;;1257091;0;0;1257091;0;0;0;0;0;-;0;0;0;0;0;;;;0;;0;2;0;0;0;;;;0;;;;;
34;Del Giro;76296619-0;COLMENA GOLDEN CROSS SA.;92760;16/04/2025;16/04/2025 18:44:44;;;1338101;0;0;1338101;0;0;0;0;0;-;0;0;0;0;0;;;;0;;0;2;0;0;0;;;;0;;;;;
34;Del Giro;96572800-7;ISAPRE BANMEDICA;92732;16/04/2025;16/04/2025 18:44:35;;;276480;0;0;276480;0;0;0;0;0;-;0;0;0;0;0;;;;0;;0;2;0;0;0;;;;0;;;;;
34;Del Giro;96572800-7;ISAPRE BANMEDICA;92756;16/04/2025;16/04/2025 18:44:41;;;574200;0;0;574200;0;0;0;0;0;-;0;0;0;0;0;;;;0;;0;2;0;0;0;;;;0;;;;;
34;Del Giro;96572800-7;ISAPRE BANMEDICA;92759;16/04/2025;16/04/2025 18:44:44;;;544995;0;0;544995;0;0;0;0;0;-;0;0;0;0;0;;;;0;;0;2;0;0;0;;;;0;;;;;
34;Del Giro;96572800-7;ISAPRE BANMEDICA;92755;16/04/2025;16/04/2025 18:44:40;;;1029219;0;0;1029219;0;0;0;0;0;-;0;0;0;0;0;;;;0;;0;2;0;0;0;;;;0;;;;;
34;Del Giro;96572800-7;ISAPRE BANMEDICA;92758;16/04/2025;16/04/2025 18:44:43;;;1415529;0;0;1415529;0;0;0;0;0;-;0;0;0;0;0;;;;0;;0;2;0;0;0;;;;0;;;;;
34;Del Giro;76296619-0;COLMENA GOLDEN CROSS SA.;92761;16/04/2025;16/04/2025 18:53:02;;;1447845;0;0;1447845;0;0;0;0;0;-;0;0;0;0;0;;;;0;;0;2;0;0;0;;;;0;;;;;
34;Del Giro;76296619-0;COLMENA GOLDEN CROSS SA.;92764;16/04/2025;16/04/2025 18:53:04;;;976203;0;0;976203;0;0;0;0;0;-;0;0;0;0;0;;;;0;;0;2;0;0;0;;;;0;;;;;
34;Del Giro;76296619-0;COLMENA GOLDEN CROSS SA.;92762;16/04/2025;16/04/2025 18:53:03;;;1133611;0;0;1133611;0;0;0;0;0;-;0;0;0;0;0;;;;0;;0;2;0;0;0;;;;0;;;;;
34;Del Giro;96856780-2;ISAPRE CONSALUD;92767;16/04/2025;16/04/2025 18:53:05;;;997519;0;0;997519;0;0;0;0;0;-;0;0;0;0;0;;;;0;;0;2;0;0;0;;;;0;;;;;
34;Del Giro;76296619-0;COLMENA GOLDEN CROSS SA.;92763;16/04/2025;16/04/2025 18:53:03;;;1237275;0;0;1237275;0;0;0;0;0;-;0;0;0;0;0;;;;0;;0;2;0;0;0;;;;0;;;;;
34;Del Giro;76296619-0;COLMENA GOLDEN CROSS SA.;92765;16/04/2025;16/04/2025 18:53:04;;;520711;0;0;520711;0;0;0;0;0;-;0;0;0;0;0;;;;0;;0;2;0;0;0;;;;0;;;;;
34;Del Giro;96856780-2;ISAPRE CONSALUD;92766;16/04/2025;16/04/2025 18:53:04;;;149753;0;0;149753;0;0;0;0;0;-;0;0;0;0;0;;;;0;;0;2;0;0;0;;;;0;;;;;
34;Del Giro;96856780-2;ISAPRE CONSALUD;92768;16/04/2025;16/04/2025 18:54:51;;;1586968;0;0;1586968;0;0;0;0;0;-;0;0;0;0;0;;;;0;;0;2;0;0;0;;;;0;;;;;
34;Del Giro;96856780-2;ISAPRE CONSALUD;92769;16/04/2025;16/04/2025 18:54:51;;;314487;0;0;314487;0;0;0;0;0;-;0;0;0;0;0;;;;0;;0;2;0;0;0;;;;0;;;;;
34;Del Giro;96856780-2;ISAPRE CONSALUD;92788;17/04/2025;17/04/2025 13:03:54;;;230314;0;0;230314;0;0;0;0;0;-;0;0;0;0;0;;;;0;;0;2;0;0;0;;;;0;;;;;
34;Del Giro;96501450-0;ISAPRE CRUZ BLANCA;92798;17/04/2025;17/04/2025 13:03:57;;;339630;0;0;339630;0;0;0;0;0;-;0;0;0;0;0;;;;0;;0;2;0;0;0;;;;0;;;;;
34;Del Giro;96572800-7;ISAPRE BANMEDICA;92786;17/04/2025;17/04/2025 13:03:53;;;214932;0;0;214932;0;0;0;0;0;-;0;0;0;0;0;;;;0;;0;2;0;0;0;;;;0;;;;;
34;Del Giro;76296619-0;COLMENA GOLDEN CROSS SA.;92787;17/04/2025;17/04/2025 13:03:54;;;557811;0;0;557811;0;0;0;0;0;-;0;0;0;0;0;;;;0;;0;2;0;0;0;;;;0;;;;;
34;Del Giro;96501450-0;ISAPRE CRUZ BLANCA;92789;17/04/2025;17/04/2025 13:03:55;;;136812;0;0;136812;0;0;0;0;0;-;0;0;0;0;0;;;;0;;0;2;0;0;0;;;;0;;;;;
34;Del Giro;96572800-7;ISAPRE BANMEDICA;92795;17/04/2025;17/04/2025 13:03:56;;;403510;0;0;403510;0;0;0;0;0;-;0;0;0;0;0;;;;0;;0;2;0;0;0;;;;0;;;;;
34;Del Giro;61603000-0;FONASA - FONDO NACIONAL DE SALUD;92793;17/04/2025;17/04/2025 13:03:56;;;11950;0;0;11950;0;0;0;0;0;-;0;0;0;0;;;;;0;;0;2;0;0;0;;;;0;;;;;
34;Del Giro;96502530-8;ISAPRE VIDA TRES;92790;17/04/2025;17/04/2025 13:03:55;;;34560;0;0;34560;0;0;0;0;0;-;0;0;0;0;0;;;;0;;0;2;0;0;0;;;;0;;;;;
34;Del Giro;61603000-0;FONASA - FONDO NACIONAL DE SALUD;92791;17/04/2025;17/04/2025 13:03:55;;;790160;0;0;790160;0;0;0;0;0;-;0;0;0;0;;;;;0;;0;2;0;0;0;;;;0;;;;;
34;Del Giro;76296619-0;COLMENA GOLDEN CROSS SA.;92796;17/04/2025;17/04/2025 13:03:56;;;261694;0;0;261694;0;0;0;0;0;-;0;0;0;0;0;;;;0;;0;2;0;0;0;;;;0;;;;;
34;Del Giro;71235700-2;ISAPRE FUNDACION;92799;17/04/2025;17/04/2025 13:03:57;;;117324;0;0;117324;0;0;0;0;0;-;0;0;0;0;0;;;;0;;0;2;0;0;0;;;;0;;;;;
34;Del Giro;96502530-8;ISAPRE VIDA TRES;92802;17/04/2025;17/04/2025 13:03:58;;;34560;0;0;34560;0;0;0;0;0;-;0;0;0;0;0;;;;0;;0;2;0;0;0;;;;0;;;;;
34;Del Giro;61603000-0;FONASA - FONDO NACIONAL DE SALUD;92801;17/04/2025;17/04/2025 13:03:58;;;1043100;0;0;1043100;0;0;0;0;0;-;0;0;0;0;;;;;0;;0;2;0;0;0;;;;0;;;;;
34;Del Giro;96856780-2;ISAPRE CONSALUD;92797;17/04/2025;17/04/2025 13:03:57;;;410824;0;0;410824;0;0;0;0;0;-;0;0;0;0;0;;;;0;;0;2;0;0;0;;;;0;;;;;
34;Del Giro;70360100-6;ASOCIACION CHILENA DE SEGURIDAD;92803;17/04/2025;17/04/2025 13:08:29;;;2435335;0;0;2435335;0;0;0;0;0;-;0;0;0;0;;;;;0;;0;2;0;0;0;;;;0;;;;;
56;Del Giro;81274800-9;ASOC.D/ASEGURADORES D/CHILE;241;09/04/2025;10/04/2025 13:21:49;;;29800;0;0;29800;0;0;0;0;0;-;0;0;0;0;34;91644;;;0;;0;2;0;0;0;;;;0;;;;;
56;Del Giro;61979440-0;INSTITUTO DE PREVISION SOCIAL;242;09/04/2025;10/04/2025 13:21:49;;;27600;0;0;27600;0;0;0;0;0;-;0;0;0;0;34;91658;;;0;;0;2;0;0;0;;;;0;;;;;
56;Del Giro;61979440-0;INSTITUTO DE PREVISION SOCIAL;240;09/04/2025;10/04/2025 13:21:48;;;13800;0;0;13800;0;0;0;0;0;-;0;0;0;0;34;91648;;;0;;0;2;0;0;0;;;;0;;;;;
56;Del Giro;61979440-0;INSTITUTO DE PREVISION SOCIAL;243;09/04/2025;10/04/2025 13:21:51;;;21200;0;0;21200;0;0;0;0;0;-;0;0;0;0;34;89988;;;0;;0;2;0;0;0;;;;0;;;;;
56;Del Giro;76265736-8;AFP PROVIDA SA;245;15/04/2025;15/04/2025 12:24:32;;;62200;0;0;62200;0;0;0;0;0;-;0;0;0;0;34;92294;;;0;;0;2;0;0;0;;;;0;;;;;
56;Del Giro;81274800-9;ASOC.D/ASEGURADORES D/CHILE;244;15/04/2025;15/04/2025 12:24:30;;;27600;0;0;27600;0;0;0;0;0;-;0;0;0;0;34;92315;;;0;;0;2;0;0;0;;;;0;;;;;
61;Del Giro;61608408-9;HOSPITAL CALVO MACKENA;11503;01/04/2025;01/04/2025 18:11:29;;;180000;0;0;180000;0;0;0;0;0;-;0;0;0;0;34;91482;;;0;;0;2;0;0;0;;;;0;;;;;
61;Del Giro;61608408-9;HOSPITAL CALVO MACKENA;11498;01/04/2025;01/04/2025 18:11:28;;;100000;0;0;100000;0;0;0;0;0;-;0;0;0;0;34;91750;;;0;;0;2;0;0;0;;;;0;;;;;
61;Del Giro;61608408-9;HOSPITAL CALVO MACKENA;11499;01/04/2025;01/04/2025 18:11:28;;;150000;0;0;150000;0;0;0;0;0;-;0;0;0;0;34;88711;;;0;;0;2;0;0;0;;;;0;;;;;
61;Del Giro;61608408-9;HOSPITAL CALVO MACKENA;11500;01/04/2025;01/04/2025 18:11:28;;;150000;0;0;150000;0;0;0;0;0;-;0;0;0;0;34;91478;;;0;;0;2;0;0;0;;;;0;;;;;
61;Del Giro;61608408-9;HOSPITAL CALVO MACKENA;11502;01/04/2025;01/04/2025 18:11:29;;;160000;0;0;160000;0;0;0;0;0;-;0;0;0;0;34;91481;;;0;;0;2;0;0;0;;;;0;;;;;
61;Del Giro;61608408-9;HOSPITAL CALVO MACKENA;11501;01/04/2025;01/04/2025 18:11:29;;;160000;0;0;160000;0;0;0;0;0;-;0;0;0;0;34;91480;;;0;;0;2;0;0;0;;;;0;;;;;
61;Del Giro;61103005-3;FUERZA AEREA DE CHILE-DIV.D/SA;11504;02/04/2025;02/04/2025 18:33:59;;;96650;0;0;96650;0;0;0;0;0;-;0;0;0;0;34;91920;;;0;;0;2;0;0;0;;;;0;;;;;
61;Del Giro;61603000-0;FONASA - FONDO NACIONAL DE SALUD;11536;04/04/2025;04/04/2025 17:32:44;;;1235290;0;0;1235290;0;0;0;0;0;-;0;0;0;0;34;92085;;;0;;0;2;0;0;0;;;;0;;;;;
61;Del Giro;81274800-9;ASOC.D/ASEGURADORES D/CHILE;11537;09/04/2025;10/04/2025 13:21:48;;;2852;0;0;2852;0;0;0;0;0;-;0;0;0;0;34;86693;;;0;;0;2;0;0;0;;;;0;;;;;
61;Del Giro;61603000-0;FONASA - FONDO NACIONAL DE SALUD;11543;16/04/2025;16/04/2025 10:09:35;;;428020;0;0;428020;0;0;0;0;0;-;0;0;0;0;34;92645;;;0;;0;2;0;0;0;;;;0;;;;;
